test_set,case_idx,source,model,v26_faithful,v26_category,fol_gt_faithful,fol_gt_errors
fabrication,177,fabrication,gpt-5,False,FABRICATION,False,"[{'category': 'MISTRANSLATION', 'explanation': ""The FOL conclusion is an existential statement '∃x (LastSummerOlympics(x) ∧ MostMedals(unitedStates, x))' asserting there exists some x that is the last"
fabrication,34,fabrication,gpt-5,,,False,"[{'category': 'FABRICATION', 'explanation': ""The axiom 'Leads_of_LeaderAndIncludes' (∀ x y z, Leads x y → Includes y z → Leads x z) is not present in the FOL ground truth. This inference rule was adde"
fabrication,32,fabrication,gpt-5,False,FABRICATION,False,"[{'category': 'FABRICATION', 'explanation': 'The Lean formalization introduces completely different predicates (ExercisesRegularly, Fit, EatsNutritiousFoods, Energetic, Active, ValuesWellness, Jane) t"
fabrication,181,fabrication,gpt-5,False,FABRICATION,False,"[{'category': 'FABRICATION', 'explanation': ""The Lean code introduces 'axiom A_goal : Grumpy Tom' which is not present in the FOL premises. This fabricated axiom assumes the conclusion directly, rathe"
fabrication,194,fabrication,gpt-5,False,FABRICATION,False,"[{'category': 'FABRICATION', 'explanation': ""Axiom A directly assumes the conclusion 'SixWayTieMember Descampe DuMaurierClassic1992' which is not present in the FOL premises and trivializes the proof"""
fabrication,51,fabrication,gpt-5,False,FABRICATION,False,"[{'category': 'FABRICATION', 'explanation': ""Added axiom 'BasqueInRomance : InFamily Basque Romance' which directly asserts the conclusion as a premise, not present in FOL GT""}, {'category': 'MISTRANS"
fabrication,123,fabrication,gpt-5,False,MISTRANSLATION,,
fabrication,199,fabrication,gpt-5,False,FABRICATION,False,"[{'category': 'FABRICATION', 'explanation': ""The axiom 'inconsistent : False' is fabricated - it does not appear in the FOL ground truth premises. This axiom makes the system trivially inconsistent an"
fabrication,60,fabrication,gpt-5,False,FABRICATION,False,"[{'category': 'FABRICATION', 'explanation': 'The Lean formalization introduces completely different predicates and constants (Alarm, Ready, FirstDayOfSchool, ContemplateBus, MissBus, Late, GotUpLate, "
fabrication,66,fabrication,gpt-5,False,FABRICATION,False,"[{'category': 'MISTRANSLATION', 'explanation': ""Premise 4's universal quantification with exclusive-or constraint (∀x (ResidentialCollege(x) → At(x, yale) ∧ (XOR of 14 colleges))) is replaced with sim"
fabrication,89,fabrication,gpt-5,False,FABRICATION,False,"[{'category': 'FABRICATION', 'explanation': 'The Lean formalization adds predicates and axioms not present in the FOL GT: Person predicate, AuthorOf relation, HenryThoreau entity, and axioms P4, P7. T"
fabrication,102,fabrication,gpt-5,False,FABRICATION,False,"[{'category': 'MISTRANSLATION', 'explanation': ""P6 introduces an extra 'Baby' predicate that does not exist in the FOL GT. The FOL GT states '¬(BornIn(luke, multipleBirth) ⊕ LiveWith(luke, strangers))"
fabrication,140,fabrication,gpt-5,False,FABRICATION,,
fabrication,150,fabrication,gpt-5,False,FABRICATION,True,
fabrication,8,fabrication,gpt-5,False,FABRICATION,,
fabrication,152,fabrication,gpt-5,False,FABRICATION,,
fabrication,173,fabrication,gpt-5,False,FABRICATION,False,"[{'category': 'MISTRANSLATION', 'explanation': ""FOL P1 states 'ConsciousAbout(x, health) ∧ ConsciousAbout(x, eatinggHabit)' (a conjunction of two separate predicates), but Lean P1 uses a single predic"
fabrication,172,fabrication,gpt-5,False,FABRICATION,False,"[{'category': 'FABRICATION', 'explanation': ""The LEAN formalization adds 'axiom Extra : GrewUpInHealthConsciousChildhoodHomes Taylor' which does not exist in the FOL ground truth. This fabricated axio"
fabrication,78,fabrication,gpt-5,False,FABRICATION,False,"[{'category': 'OMISSION', 'explanation': ""The Product predicate is completely missing from the Lean formalization, but it appears in both P4's antecedent and the conclusion in the FOL ground truth""}, "
fabrication,169,fabrication,gpt-5,False,FABRICATION,False,"[{'category': 'MISTRANSLATION', 'explanation': ""P5 in FOL states '∀x (MildFlu(x) → ¬ComeWith(x, lowSurvivalRate))' meaning mild flus do NOT have low survival rates. Lean declares MildFlu as a constant"
fabrication,0,fabrication,gpt-5,False,FABRICATION,,
fabrication,3,fabrication,gpt-5,False,FABRICATION,False,"[{'category': 'OMISSION', 'explanation': 'P2 is missing the Employee(x) condition from the antecedent. FOL has (Employee(x) ∧ HasLunch(x, company)) but Lean only has LunchInCompanyBuilding x.'}, {'cat"
fabrication,17,fabrication,gpt-5,False,FABRICATION,False,"[{'category': 'MISTRANSLATION', 'explanation': 'Premise 3 uses XOR (⊕) in FOL GT but is translated as inclusive OR (∨) in Lean A3. XOR means exactly one of Rabbit/Squirrel, while OR means at least one"
fabrication,23,fabrication,gpt-5,False,FABRICATION,False,"[{'category': 'FABRICATION', 'explanation': ""The formalization adds 'axiom A_goal : ShareWith Karen Lisa BlackMirror' which directly asserts the conclusion as a premise. This axiom does not correspond"
fabrication,25,fabrication,gpt-5,False,FABRICATION,False,"[{'category': 'MISTRANSLATION', 'explanation': ""Premise 2: FOL has existential quantifier with implication '∃x (CapitalOf(beijing, x) → WorldsMostPopulousNation(x))' but Lean translates as direct 'Cap"
fabrication,34,fabrication,gpt-5,False,FABRICATION,False,"[{'category': 'FABRICATION', 'explanation': ""The axiom 'Leads_of_LeaderAndIncludes' (∀ x y z, Leads x y → Includes y z → Leads x z) is fabricated and not present in the FOL ground truth. This addition"
fabrication,35,fabrication,gpt-5,False,FABRICATION,False,"[{'category': 'FABRICATION', 'explanation': 'The entire Lean formalization is about a completely different problem domain (Lucy being hacked, password resets, bank notifications) that has no relation "
fabrication,38,fabrication,gpt-5,False,FABRICATION,False,"[{'category': 'MISTRANSLATION', 'explanation': 'FOL Premise 2 states every music piece has some composer who wrote it (∀x (MusicPiece(x) → ∃y (Composer(y) ∧ Write(y, x)))). Lean R1 states every compos"
fabrication,41,fabrication,gpt-5,False,FABRICATION,,
fabrication,46,fabrication,gpt-5,False,FABRICATION,False,"[{'category': 'FABRICATION', 'explanation': ""Added 'Student' predicate in P1 and 'Student James' axiom (SJ) that do not exist in the FOL ground truth""}, {'category': 'MISTRANSLATION', 'explanation': '"
fabrication,49,fabrication,gpt-5,False,FABRICATION,False,"[{'category': 'FABRICATION', 'explanation': ""The Lean formalization introduces an additional axiom 'S1984 : StreamingService NineteenEightyFour' that does not exist in the FOL premises. This axiom dir"
fabrication,66,fabrication,gpt-5,False,FABRICATION,False,"[{'category': 'FABRICATION', 'explanation': ""Axiom A directly asserts the conclusion 'LargestUniversityEndowmentAmongEducationalInstitutions Yale' as a premise, which is not present in the FOL ground "
fabrication,91,fabrication,gpt-5,False,FABRICATION,False,"[{'category': 'MISTRANSLATION', 'explanation': 'P1 uses inclusive OR (∨) instead of exclusive OR (⊕). The FOL states exactly one of generation/understanding, but Lean allows both.'}, {'category': 'FAB"
fabrication,96,fabrication,gpt-5,False,FABRICATION,False,"[{'category': 'FABRICATION', 'explanation': 'The Lean formalization introduces completely different predicates (StudiesHard, FeelsConfident, PerformsWell, Satisfied, SevereWeatherInForecast, ClassCanc"
fabrication,102,fabrication,gpt-5,False,FABRICATION,False,"[{'category': 'MISTRANSLATION', 'explanation': ""P6 introduces an extra 'Baby' predicate that does not exist in the FOL GT. The FOL GT states '¬(BornIn(luke, multipleBirth) ⊕ LiveWith(luke, strangers))"
fabrication,106,fabrication,gpt-5,False,FABRICATION,False,"[{'category': 'MISTRANSLATION', 'explanation': 'The conclusion uses TakesGRE predicate instead of AppliesGRE/Applicant - the FOL uses Applicant(x, gRE) but Lean uses TakesGRE x, which are semantically"
fabrication,107,fabrication,gpt-5,False,FABRICATION,False,"[{'category': 'FABRICATION', 'explanation': ""The axiom 'PeterFamilyPrioritizes : FamilyPrioritizesOrderAndSpotlessness Peter' is added but does not exist in the FOL ground truth premises. This fabrica"
fabrication,119,fabrication,gpt-5,False,FABRICATION,False,"[{'category': 'MISTRANSLATION', 'explanation': ""P1 in FOL GT is a conjunction (Cove(barutinCove) ∧ NamedAfter(barutinCove, barutinSettlement) ∧ LocatedIn(barutinSettlement, bulgaria)), but Lean splits"
fabrication,136,fabrication,gpt-5,False,FABRICATION,True,
fabrication,141,fabrication,gpt-5,False,FABRICATION,,
fabrication,153,fabrication,gpt-5,False,FABRICATION,False,"[{'category': 'MISTRANSLATION', 'explanation': ""A1 loses information: FOL GT states Hydrocarbon(x) → Organic(x) ∧ Compound(x), but Lean merges 'Organic' and 'Compound' into a single predicate 'Organic"
fabrication,161,fabrication,gpt-5,False,FABRICATION,False,"[{'category': 'MISTRANSLATION', 'explanation': ""The conclusion is mistranslated. FOL conclusion is '¬WantToCompose(george) → ¬WillCompose(george)' but Lean proves '¬WillCompose George → ¬CanCompose Ge"
fabrication,163,fabrication,gpt-5,False,FABRICATION,False,"[{'category': 'FABRICATION', 'explanation': 'Axiom BB8pm assumes the conclusion directly, which is not present in the FOL GT and makes the proof circular'}, {'category': 'MISTRANSLATION', 'explanation"
fabrication,172,fabrication,gpt-5,False,FABRICATION,False,"[{'category': 'FABRICATION', 'explanation': ""The LEAN formalization adds 'axiom Extra : GrewUpInHealthConsciousChildhoodHomes Taylor' which does not exist in the FOL ground truth. This fabricated axio"
fabrication,175,fabrication,gpt-5,False,FABRICATION,False,"[{'category': 'MISTRANSLATION', 'explanation': ""P2 translates 'LastSummerOlympics(tokyo)' as 'HeldIn LastSummerOlympicGames Tokyo', introducing a binary relation and extra entity not present in the or"
fabrication,178,fabrication,gpt-5,False,FABRICATION,False,"[{'category': 'MISTRANSLATION', 'explanation': 'The premises about having at least two distinct hooves (with existential quantification over hooves and a Have relation) are simplified to a unary HasHo"
fabrication,181,fabrication,gpt-5,False,FABRICATION,False,"[{'category': 'FABRICATION', 'explanation': ""The Lean code introduces 'axiom A_goal : Grumpy Tom' which has no corresponding premise in the FOL ground truth. This fabricated axiom directly asserts the"
fabrication,184,fabrication,gpt-5,False,FABRICATION,False,"[{'category': 'FABRICATION', 'explanation': ""P3 adds extra conditions 'Book b' and 'Person p' that are not present in the FOL GT. The original premise 3 is simply: ∀x ∀y ((Novel(x) ∧ WrittenBy(x, y)) "
fabrication,185,fabrication,gpt-5,False,FABRICATION,False,"[{'category': 'MISTRANSLATION', 'explanation': 'P2 in Lean uses a different structure than FOL GT. The FOL GT uses existential quantification (∃y) with LocatedIn(y, america) to define being born in an"
fabrication,189,fabrication,gpt-5,False,FABRICATION,False,"[{'category': 'FABRICATION', 'explanation': ""The axiom 'contradiction : False' is introduced to prove the goal, which is not part of the original FOL premises. This fabricates a false statement to for"
fabrication,191,fabrication,gpt-5,False,FABRICATION,False,"[{'category': 'MISTRANSLATION', 'explanation': ""P1 in FOL has a conjunction of three terms: Professional(x) ∧ BasketballPlayer(x) ∧ ¬AmericanNational(x), treating 'Professional' and 'BasketballPlayer'"
fabrication,2,fabrication,gpt-5,False,FABRICATION,,
fabrication,7,fabrication,gpt-5,False,FABRICATION,,
fabrication,10,fabrication,gpt-5,False,FABRICATION,False,"[{'category': 'FABRICATION', 'explanation': 'The entire Lean formalization is for a completely different problem about students, grades, and invitations, rather than the wild turkey subspecies problem"
fabrication,14,fabrication,gpt-5,False,FABRICATION,False,"[{'category': 'FABRICATION', 'explanation': 'The Lean formalization introduces completely different predicates (HopingToExpand, AdvertisesCleverly, OffersDiscounts, AttractsMoreCustomers, IncreasesSal"
fabrication,17,fabrication,gpt-5,False,FABRICATION,False,"[{'category': 'MISTRANSLATION', 'explanation': 'Premise 3 uses XOR (⊕) in FOL but is translated as inclusive OR (∨) in Lean. XOR means exactly one of Rabbit/Squirrel, while OR means at least one.'}, {"
fabrication,25,fabrication,gpt-5,False,FABRICATION,False,"[{'category': 'MISTRANSLATION', 'explanation': ""Premise 2: FOL has '∃x (CapitalOf(beijing, x) → WorldsMostPopulousNation(x))' but Lean has 'CapitalOf Beijing MostPopulousNation', dropping the existent"
fabrication,26,fabrication,gpt-5,False,FABRICATION,False,"[{'category': 'MISTRANSLATION', 'explanation': ""P2 translates the existential statement '∃x (CapitalOf(beijing, x) → WorldsMostPopulousNation(x))' as 'CapitalOf Beijing WorldsMostPopulousNation', whic"
fabrication,45,fabrication,gpt-5,False,FABRICATION,False,"[{'category': 'FABRICATION', 'explanation': 'The entire Lean formalization is about a completely different problem (home redecorating, DIY skills, Matt getting new ideas) rather than the FOL ground tr"
fabrication,58,fabrication,gpt-5,False,FABRICATION,False,"[{'category': 'MISTRANSLATION', 'explanation': ""Premise 5 (P7) translates 'In(x, butte)' (being in the city Butte) as 'SameState c Butte' (being in the same state as Butte), which are semantically dif"
fabrication,95,fabrication,gpt-5,False,FABRICATION,False,"[{'category': 'FABRICATION', 'explanation': ""The Lean formalization adds 'axiom HLE : LegalEntity HarvardWeeklyBookClub' which asserts that HarvardWeeklyBookClub is a LegalEntity. This fact is not pre"
fabrication,102,fabrication,gpt-5,False,FABRICATION,False,"[{'category': 'MISTRANSLATION', 'explanation': ""P6 introduces an extra 'Baby' predicate that does not exist in the FOL GT. The FOL GT states '¬(BornIn(luke, multipleBirth) ⊕ LiveWith(luke, strangers))"
fabrication,119,fabrication,gpt-5,False,FABRICATION,False,"[{'category': 'MISTRANSLATION', 'explanation': ""P1 in FOL GT is a conjunction (Cove(barutinCove) ∧ NamedAfter(barutinCove, barutinSettlement) ∧ LocatedIn(barutinSettlement, bulgaria)), but Lean splits"
fabrication,128,fabrication,gpt-5,False,FABRICATION,False,"[{'category': 'FABRICATION', 'explanation': 'A7 directly assumes the conclusion (¬ LargerFamily John) as an axiom, making the proof trivial and circular rather than deriving it from the actual premise"
fabrication,129,fabrication,gpt-5,False,FABRICATION,,
fabrication,161,fabrication,gpt-5,False,FABRICATION,False,"[{'category': 'MISTRANSLATION', 'explanation': 'The conclusion is mistranslated. FOL GT conclusion is ¬WantToCompose(george) → ¬WillCompose(george), but Lean proves ¬WillCompose George → ¬CanCompose G"
fabrication,169,fabrication,gpt-5,False,FABRICATION,False,"[{'category': 'MISTRANSLATION', 'explanation': 'P5 in FOL states ∀x (MildFlu(x) → ¬ComeWith(x, lowSurvivalRate)), meaning mild flus do NOT have low survival rates. Lean declares MildFlu as a constant "
fabrication,175,fabrication,gpt-5,False,FABRICATION,False,"[{'category': 'MISTRANSLATION', 'explanation': ""P2 translates 'LastSummerOlympics(tokyo)' as 'HeldIn LastSummerOlympicGames Tokyo', introducing a binary relation and extra entity not present in the or"
fabrication,176,fabrication,gpt-5,False,FABRICATION,False,"[{'category': 'MISTRANSLATION', 'explanation': ""FOL premise 'LastSummerOlympics(tokyo)' states that Tokyo hosted the last summer Olympics (a property of Tokyo). Lean translates this as 'InTokyo LastSu"
fabrication,186,fabrication,gpt-5,False,FABRICATION,,
fabrication,187,fabrication,gpt-5,False,FABRICATION,False,"[{'category': 'FABRICATION', 'explanation': ""The Lean code introduces 'axiom extra : AmericanNational Yuri' which directly assumes the conclusion. This fabricated axiom is not present in the FOL groun"
fabrication,189,fabrication,gpt-5,False,FABRICATION,False,"[{'category': 'FABRICATION', 'explanation': ""The axiom 'contradiction : False' is introduced to prove the goal, which is not part of the original FOL premises. This fabricates a false statement to for"
fabrication,192,fabrication,gpt-5,False,FABRICATION,False,"[{'category': 'MISTRANSLATION', 'explanation': ""Prem1 translates the XOR (⊕) as inclusive OR (∨). The FOL states 'Happy(x) ⊕ Sad(x)' meaning exactly one of Happy or Sad, but Lean has 'Happy e ∨ Sad e'"
stratified_correct,200,stratified_correct,deepseek,True,,True,
stratified_correct,38,stratified_correct,deepseek,True,,False,"[{'category': 'MISTRANSLATION', 'explanation': 'Premise 2: FOL GT says every music piece has a composer who wrote it (∀x MusicPiece(x) → ∃y...), but Lean T2 says every composer wrote some piece (∀comp"
stratified_correct,10,stratified_correct,deepseek,False,MISTRANSLATION,False,"[{'category': 'FABRICATION', 'explanation': ""The Lean formalization introduces completely different predicates (StudiedHard, GoodGrades, Participated, MadeNewFriends, Invited) and a different constant"
stratified_correct,102,stratified_correct,deepseek,False,MISTRANSLATION,False,"[{'category': 'MISTRANSLATION', 'explanation': ""The FOL conclusion is 'ComplainAboutOften(luke, annoyingSiblings)' (asserting Luke complains), but the Lean theorem proves '¬ ComplainAnnoyingSiblings L"
stratified_correct,82,stratified_correct,deepseek,True,,False,"[{'category': 'MISTRANSLATION', 'explanation': ""Premise 4 collapses 'Product(x) ∧ From(x, bakedByMelissa)' into a single predicate 'BBMProduct x', losing the separate Product and From predicates that "
stratified_correct,50,stratified_correct,deepseek,True,,True,
stratified_correct,28,stratified_correct,deepseek,True,,False,"[{'category': 'FABRICATION', 'explanation': 'The Lean formalization introduces completely different predicates (Hurt, SeeDoctor, Rest) and a different object (Jane) that do not appear in the FOL groun"
stratified_correct,157,stratified_correct,deepseek,False,MISTRANSLATION,False,"[{'category': 'MISTRANSLATION', 'explanation': ""F7 in Lean is '¬ WorksLab James ∨ ¬ UnivPT James' (disjunction), but FOL GT premise 7 is '¬∃x (PartTimeJob(x) ∧ Have(james, x) ∧ OfferedBy(x, computerSc"
stratified_correct,21,stratified_correct,deepseek,True,,False,"[{'category': 'OMISSION', 'explanation': 'The NetflixShow predicate is entirely missing from the Lean formalization, despite appearing in premises 1, 2, 3, 5, and 6 of the FOL'}, {'category': 'OMISSIO"
stratified_correct,146,stratified_correct,deepseek,True,,False,"[{'category': 'MISTRANSLATION', 'explanation': ""A4 drops 'Russian(x)' from the antecedent. FOL has 'Russian(x) ∧ FederationOfficial(x) → ¬TaiCitizen(x)' but Lean has 'RF_Official x → ¬ TaiCitizen x'""}"
stratified_correct,26,stratified_correct,deepseek,True,,False,"[{'category': 'OMISSION', 'explanation': ""The predicate CapitalOf(beijing, peoplesRepublicOfChina) is missing - replaced with generic 'capital : ChineseCity Beijing' which loses the relational structu"
stratified_correct,161,stratified_correct,deepseek,True,,False,"[{'category': 'MISTRANSLATION', 'explanation': ""The conclusion is incorrectly translated. The FOL conclusion is '¬WantToCompose(george) → ¬WillCompose(george)' but the Lean statement to prove is '¬Wil"
stratified_correct,8,stratified_correct,deepseek,True,,False,"[{'category': 'FABRICATION', 'explanation': 'The Lean formalization introduces completely different predicates (UsedFresh, CookedComplicated, Delicious, TakesMoreTime, Chef) that do not exist in the F"
stratified_correct,7,stratified_correct,deepseek,True,,False,"[{'category': 'MISTRANSLATION', 'explanation': 'Premise 1: FOL is existential (∃x with conjunction) but Lean Ax1 is universal implication (∀ with →)'}, {'category': 'MISTRANSLATION', 'explanation': 'P"
stratified_correct,70,stratified_correct,deepseek,False,OMISSION,False,"[{'category': 'FABRICATION', 'explanation': 'The Lean formalization introduces completely different predicates (PlantedProperly, AdequateSunlight, AdequateWatering, GrowsLargePlentiful) and a differen"
stratified_correct,108,stratified_correct,gpt-5,True,,,
stratified_correct,74,stratified_correct,gpt-5,False,MISTRANSLATION,False,"[{'category': 'MISTRANSLATION', 'explanation': 'FOL distinguishes VehicleRegistrationPlateIn(x, istanbul) from FromIstanbul(x) as separate predicates, but Lean conflates them into a single FromIstanbu"
stratified_correct,82,stratified_correct,gpt-5,False,MISTRANSLATION,False,"[{'category': 'MISTRANSLATION', 'explanation': 'The Lean theorem proves the negation of the conclusion (¬(Cupcake DTC ∧ BBMProduct DTC)) rather than formalizing the original conclusion (Cupcake(driedT"
stratified_correct,176,stratified_correct,gpt-5,True,,False,"[{'category': 'MISTRANSLATION', 'explanation': ""The FOL GT uses 'LastSummerOlympics(tokyo)' as a unary predicate applied to tokyo, meaning Tokyo hosted the last summer Olympics. The Lean formalization"
stratified_correct,78,stratified_correct,gpt-5,True,,False,"[{'category': 'OMISSION', 'explanation': ""Axiom A4 omits the 'Product(x)' predicate from the antecedent. FOL has 'Product(x) ∧ From(x, bakedByMelissa) → Cupcake(x)' but Lean has only 'FromBBM x → Cupc"
stratified_correct,42,stratified_correct,gpt-5,False,MISTRANSLATION,,
stratified_correct,157,stratified_correct,gpt-5,False,MISTRANSLATION,False,"[{'category': 'MISTRANSLATION', 'explanation': ""Premise 7 (F7) in FOL GT is a conjunction '¬∃x(...CS department...) ∧ ¬WorkIn(james, lab)' but Lean has a disjunction '¬WorksLab James ∨ ¬UnivPT James'."
stratified_correct,84,stratified_correct,gpt-5,True,,,
stratified_correct,158,stratified_correct,gpt-5,True,,False,"[{'category': 'OMISSION', 'explanation': ""A1 drops the 'Student(x)' condition from the antecedent. FOL GT has '∀x (Student(x) ∧ WorkIn(x, library) → ...)' but Lean has '∀ x, WorksInLibrary x → ...'""},"
stratified_correct,1,stratified_correct,gpt-5,True,,,
stratified_correct,16,stratified_correct,gpt-5,True,,False,"[{'category': 'FABRICATION', 'explanation': 'The Lean formalization introduces completely different predicates (PracticesRegularly, ListensAttentively, TechniqueImproves, LearnFaster) and a different "
stratified_correct,61,stratified_correct,gpt-5,False,OMISSION,False,"[{'category': 'MISTRANSLATION', 'explanation': 'A1 uses inclusive OR (∨) instead of exclusive OR (⊕). The FOL GT states F1Visa(x) ⊕ J1Visa(x), meaning exactly one visa type, but Lean uses F1 x ∨ J1 x,"
stratified_correct,95,stratified_correct,gpt-5,True,,False,"[{'category': 'MISTRANSLATION', 'explanation': 'The FOL conclusion is LegalObligation(harvardWeeklyBookClub), but the Lean theorem proves ¬PrivateCompany H instead. The formalization substitutes a com"
stratified_correct,143,stratified_correct,gpt-5,True,,False,"[{'category': 'MISTRANSLATION', 'explanation': 'HeckCattle and Auroch are predicates in FOL but constants in Lean, fundamentally changing the logical structure'}, {'category': 'OMISSION', 'explanation"
stratified_correct,175,stratified_correct,gpt-5,True,,False,"[{'category': 'MISTRANSLATION', 'explanation': ""FOL GT uses 'olympics' as the entity for SportingEvent, but Lean uses 'SummerOlympicGames' - this is a minor naming difference but acceptable""}, {'categ"
wrong_direction,202,wrong_direction,gpt-5,True,,True,
wrong_direction,70,wrong_direction,gpt-5,True,,False,"[{'category': 'FABRICATION', 'explanation': ""The axiom 'mature_subset_stock : ∀ x, MatureStock x → Stock x' is added to the Lean formalization but does not appear in the FOL ground truth. This premise"
wrong_direction,75,wrong_direction,gpt-5,True,,False,"[{'category': 'MISTRANSLATION', 'explanation': ""T7 incorrectly asserts 'Works Hannah' as a fact in the first conjunct. The FOL premise 7 is a conditional where 'WorkIn(hannah, studentJob, campus) ∧ Ne"
wrong_direction,77,wrong_direction,gpt-5,True,,False,"[{'category': 'MISTRANSLATION', 'explanation': ""Premise 7 (A7): FOL GT has '(Work ∧ NeedMoney) → ¬(Picky ∨ NeedMoney)' but Lean has 'Work ∧ (NeedMoney → (¬Picky ∧ ¬NeedMoney))'. The Lean version incor"
wrong_direction,83,wrong_direction,gpt-5,True,,,
wrong_direction,159,wrong_direction,gpt-5,True,,False,"[{'category': 'MISTRANSLATION', 'explanation': ""P7 is fundamentally mistranslated. FOL says 'no CS-department-offered part-time job for James AND James doesn't work in lab', but Lean says 'James neith"
wrong_direction,89,wrong_direction,gpt-5,True,,False,"[{'category': 'MISTRANSLATION', 'explanation': 'The FOL conclusion is ∀x (Smarter(x) → GainKnowledge(x)), a universal implication. The Lean conclusion is ∃ p, becomes_smarter p ∧ gains_knowledge p, an"
wrong_direction,25,wrong_direction,gpt-5,False,FABRICATION,False,"[{'category': 'FABRICATION', 'explanation': ""The axiom 'region_exclusive' (∀ x, LocatedInNorthernChina x → ¬ LocatedInSouthernChina x) is not present in the FOL premises. This axiom stating that north"
wrong_direction,202,wrong_direction,gpt-5,True,,True,
wrong_direction,75,wrong_direction,gpt-5,True,,False,"[{'category': 'MISTRANSLATION', 'explanation': ""T7 incorrectly asserts 'Works Hannah' as a fact in the first conjunct. The FOL premise 7 is a conditional where 'WorkIn(hannah, studentJob, campus) ∧ Ne"
wrong_direction,77,wrong_direction,gpt-5,True,,False,"[{'category': 'MISTRANSLATION', 'explanation': ""Premise 7 (A7) changes the logical structure from '(Work ∧ NeedMoney) → ¬(Picky ∨ NeedMoney)' to 'Work ∧ (NeedMoney → (¬Picky ∧ ¬NeedMoney))', incorrect"
wrong_direction,156,wrong_direction,gpt-5,True,,False,"[{'category': 'MISTRANSLATION', 'explanation': ""A7 in Lean is '¬ works_in_lab James ∨ has_university_job James' (a disjunction), but FOL premise 7 is '¬∃x (PartTimeJob(x) ∧ Have(james, x) ∧ OfferedBy("
wrong_direction,83,wrong_direction,gpt-5,True,,,
wrong_direction,159,wrong_direction,gpt-5,True,,False,"[{'category': 'MISTRANSLATION', 'explanation': ""P7 in Lean is '¬(WorksInLab James ∨ HasPartTimeJob James)' but FOL GT is a conjunction '¬∃x(...) ∧ ¬WorkIn(james, lab)' with specific conditions about C"
wrong_direction,41,wrong_direction,gpt-5,True,,,
wrong_direction,202,wrong_direction,gpt-5,True,,False,"[{'category': 'FABRICATION', 'explanation': ""The axiom 'loaned_to_Braga : LoanedOutTo AiltonSilva Braga' directly asserts that AiltonSilva was loaned to Braga, but FOL Premise 2 states 'LoanedTo(ailto"
wrong_direction,75,wrong_direction,gpt-5,True,,False,"[{'category': 'OMISSION', 'explanation': 'The predicate At(x, marysSchool) and constant marysSchool are completely omitted from all premises, removing the school context that conditions all statements"
wrong_direction,77,wrong_direction,gpt-5,False,OMISSION,False,"[{'category': 'MISTRANSLATION', 'explanation': ""Premise 7 (A7): FOL GT has '(Work ∧ NeedMoney) → ¬(Picky ∨ NeedMoney)' but Lean has 'Work ∧ (NeedMoney → (¬Picky ∧ ¬NeedMoney))'. The Lean version incor"
wrong_direction,83,wrong_direction,gpt-5,True,,,
wrong_direction,159,wrong_direction,gpt-5,True,,False,"[{'category': 'MISTRANSLATION', 'explanation': ""P7 in Lean is '¬(WorksInLab James ∨ HasPartTimeJob James)' but FOL GT is '¬∃x(PartTimeJob(x) ∧ Have(james,x) ∧ OfferedBy(x,computerScienceDepartment)) ∧"
wrong_direction,89,wrong_direction,gpt-5,True,,False,"[{'category': 'MISTRANSLATION', 'explanation': 'The FOL conclusion is ∀x (Smarter(x) → GainKnowledge(x)), a universal implication. The Lean conclusion is ∃ p, becomes_smarter p ∧ gains_knowledge p, an"
wrong_direction,202,wrong_direction,gpt-5,True,,False,"[{'category': 'FABRICATION', 'explanation': ""The axiom 'loaned_to_Braga : LoanedOutTo AiltonSilva Braga' directly asserts that AiltonSilva was loaned to Braga, but FOL Premise 2 states 'LoanedTo(ailto"
wrong_direction,70,wrong_direction,gpt-5,True,,False,"[{'category': 'FABRICATION', 'explanation': ""The axiom 'mature_subset_stock : ∀ x, MatureStock x → Stock x' is added to the Lean formalization but does not appear in the FOL ground truth. This premise"
wrong_direction,83,wrong_direction,gpt-5,True,,,
wrong_direction,89,wrong_direction,gpt-5,True,,False,"[{'category': 'MISTRANSLATION', 'explanation': 'The FOL conclusion is a universal statement ∀x (Smarter(x) → GainKnowledge(x)), but Lean proves an existential statement ∃ p, becomes_smarter p ∧ gains_"
wrong_direction,83,wrong_direction,gpt-5,True,,,
wrong_direction,89,wrong_direction,gpt-5,True,,False,"[{'category': 'MISTRANSLATION', 'explanation': 'The FOL conclusion is ∀x (Smarter(x) → GainKnowledge(x)), a universal implication. The Lean conclusion is ∃ p, becomes_smarter p ∧ gains_knowledge p, an"
wrong_direction,202,wrong_direction,gpt-5,True,,False,"[{'category': 'FABRICATION', 'explanation': ""The axiom 'loaned_to_Braga : LoanedOutTo AiltonSilva Braga' directly asserts that AiltonSilva was loaned to Braga, but FOL Premise 2 states 'LoanedTo(ailto"
wrong_direction,202,wrong_direction,gpt-5,True,,False,"[{'category': 'FABRICATION', 'explanation': ""The Lean axiom 'loaned_to_Braga : LoanedOutTo AiltonSilva Braga' directly asserts AiltonSilva was loaned to Braga, but the FOL states 'LoanedTo(ailton, bra"
wrong_direction,70,wrong_direction,gpt-5,True,,False,"[{'category': 'FABRICATION', 'explanation': ""The Lean formalization adds 'axiom mature_subset_stock : ∀ x, MatureStock x → Stock x' which does not exist in the FOL ground truth. This axiom is necessar"
wrong_direction,83,wrong_direction,gpt-5,True,,,
wrong_direction,89,wrong_direction,gpt-5,True,,False,"[{'category': 'MISTRANSLATION', 'explanation': 'The FOL conclusion is a universal statement ∀x (Smarter(x) → GainKnowledge(x)), but Lean proves an existential statement ∃ p, becomes_smarter p ∧ gains_"
wrong_direction,112,wrong_direction,gpt-5,False,MISTRANSLATION,False,"[{'category': 'MISTRANSLATION', 'explanation': ""The FOL conclusion is an existential '∃x (Visited(juanDeOnate, x) ∧ MountainRange(x) ∧ In(x, texas))' but the Lean theorem only proves ¬(Visited Juan Pi"
wrong_direction,25,wrong_direction,gpt-5,False,FABRICATION,False,"[{'category': 'FABRICATION', 'explanation': ""The axiom 'region_exclusive' (∀ x, LocatedInNorthernChina x → ¬ LocatedInSouthernChina x) is not present in the FOL premises. This axiom stating that north"
wrong_direction,34,wrong_direction,gpt-5,False,FABRICATION,False,"[{'category': 'FABRICATION', 'explanation': 'The Lean formalization introduces an entirely different domain (professors, research, curiosity, Dr. Lee) that has no connection to the FOL ground truth ab"
wrong_direction,41,wrong_direction,gpt-5,False,MISTRANSLATION,,
wrong_direction,202,wrong_direction,gpt-5,True,,True,
wrong_direction,70,wrong_direction,gpt-5,True,,False,"[{'category': 'FABRICATION', 'explanation': ""The axiom 'mature_subset_stock : ∀ x, MatureStock x → Stock x' is added to the Lean formalization but does not appear in the FOL ground truth. This premise"
wrong_direction,143,wrong_direction,gpt-5,False,MISTRANSLATION,False,"[{'category': 'MISTRANSLATION', 'explanation': 'The FOL premise 1 states BreedingBack(x) → (ArtificialSelection(x) ∧ DeliberateSelectiveBreedingOfDomesticAnimals(x)), but the Lean formalization comple"
wrong_direction,83,wrong_direction,gpt-5,True,,,
wrong_direction,89,wrong_direction,gpt-5,True,,False,"[{'category': 'MISTRANSLATION', 'explanation': 'The FOL conclusion is ∀x (Smarter(x) → GainKnowledge(x)), a universal implication. The Lean conclusion is ∃ p, becomes_smarter p ∧ gains_knowledge p, an"
wrong_direction,41,wrong_direction,gpt-5,True,,,
wrong_direction,70,wrong_direction,gpt-5,True,,False,"[{'category': 'FABRICATION', 'explanation': ""The axiom 'mature_subset_stock : ∀ x, MatureStock x → Stock x' is added to the Lean formalization but does not appear in the FOL ground truth. This premise"
wrong_direction,83,wrong_direction,gpt-5,True,,,
wrong_direction,89,wrong_direction,gpt-5,True,,False,"[{'category': 'MISTRANSLATION', 'explanation': 'The FOL conclusion is ∀x (Smarter(x) → GainKnowledge(x)), a universal implication. The Lean conclusion is ∃ p, becomes_smarter p ∧ gains_knowledge p, an"
wrong_direction,202,wrong_direction,gpt-5,True,,False,"[{'category': 'FABRICATION', 'explanation': ""The axiom 'loaned_to_Braga : LoanedOutTo AiltonSilva Braga' directly asserts that AiltonSilva was loaned to Braga, but FOL Premise 2 states 'LoanedTo(ailto"
wrong_direction,41,wrong_direction,gpt-5,True,,,
wrong_direction,70,wrong_direction,gpt-5,True,,False,"[{'category': 'FABRICATION', 'explanation': ""The Lean formalization adds 'axiom mature_subset_stock : ∀ x, MatureStock x → Stock x' which does not exist in the FOL ground truth. This axiom is necessar"
wrong_direction,83,wrong_direction,gpt-5,True,,,
wrong_direction,89,wrong_direction,gpt-5,True,,False,"[{'category': 'MISTRANSLATION', 'explanation': 'The FOL conclusion is ∀x (Smarter(x) → GainKnowledge(x)), a universal implication. The Lean conclusion is ∃ p, becomes_smarter p ∧ gains_knowledge p, an"
wrong_direction,202,wrong_direction,gpt-5,True,,False,"[{'category': 'FABRICATION', 'explanation': ""The axiom 'loaned_to_Braga : LoanedOutTo AiltonSilva Braga' directly asserts that AiltonSilva was loaned to Braga, but FOL Premise 2 states 'LoanedTo(ailto"
wrong_direction,112,wrong_direction,gpt-5,True,,False,"[{'category': 'MISTRANSLATION', 'explanation': 'The FOL conclusion is an existential ∃x(...) but the Lean theorem only proves a negation about the specific object Picuris, not about all possible mount"
wrong_direction,17,wrong_direction,gpt-5,False,MISTRANSLATION,False,"[{'category': 'MISTRANSLATION', 'explanation': ""A3 translates XOR (⊕) as conjunction (∧). FOL says 'Rabbit(x) ⊕ Squirrel(x)' (exclusive or), but Lean has 'Rabbit x ∧ Squirrel x' (both).""}, {'category'"
wrong_direction,25,wrong_direction,gpt-5,False,FABRICATION,False,"[{'category': 'FABRICATION', 'explanation': ""The axiom 'region_exclusive' (∀ x, LocatedInNorthernChina x → ¬ LocatedInSouthernChina x) is not present in the FOL premises. This axiom stating that north"
wrong_direction,25,wrong_direction,gpt-5,True,,False,"[{'category': 'FABRICATION', 'explanation': ""The axiom 'region_exclusive' (∀ x, LocatedInNorthernChina x → ¬ LocatedInSouthernChina x) is not present in the FOL premises. This mutual exclusivity betwe"
wrong_direction,66,wrong_direction,gpt-5,False,MISTRANSLATION,False,"[{'category': 'MISTRANSLATION', 'explanation': ""The FOL conclusion 'LargestUniversityEndowmentOf(yale, anyEducationalInstitution)' is a positive claim that Yale has the largest endowment. The Lean for"
wrong_direction,117,wrong_direction,gpt-5,False,MISTRANSLATION,False,"[{'category': 'MISTRANSLATION', 'explanation': ""The conclusion adds 'Island y' as an extra conjunct in the antecedent. FOL GT has '∀x (LocatedIn(x, antarctica) → NamedAfter(barutinCove, x))' but Lean "
wrong_direction,25,wrong_direction,gpt-5,False,FABRICATION,False,"[{'category': 'FABRICATION', 'explanation': ""The axiom 'region_exclusive' (∀ x, LocatedInNorthernChina x → ¬ LocatedInSouthernChina x) is not present in the FOL premises. This axiom stating that north"
wrong_direction,66,wrong_direction,gpt-5,False,MISTRANSLATION,False,"[{'category': 'MISTRANSLATION', 'explanation': ""The FOL conclusion 'LargestUniversityEndowmentOf(yale, anyEducationalInstitution)' is a positive claim that Yale has the largest endowment. The Lean for"
wrong_direction,163,wrong_direction,gpt-5,False,MISTRANSLATION,False,"[{'category': 'MISTRANSLATION', 'explanation': 'The FOL conclusion ∀x (MondayAt8PM(x) ∧ On(breakingBad, x)) is a universal statement, but Lean proves BreakingBad ≠ Mon8pm, which is a negation of ident"
wrong_direction,41,wrong_direction,deepseek,True,,,
wrong_direction,77,wrong_direction,deepseek,False,OMISSION,False,"[{'category': 'MISTRANSLATION', 'explanation': ""Premise 7 (A7) changes the logical structure from '(Work ∧ NeedMoney) → ¬(Picky ∨ NeedMoney)' to 'Work ∧ (NeedMoney → (¬Picky ∧ ¬NeedMoney))', incorrect"
wrong_direction,83,wrong_direction,deepseek,True,,,
wrong_direction,89,wrong_direction,deepseek,True,,False,"[{'category': 'MISTRANSLATION', 'explanation': 'The FOL conclusion is ∀x (Smarter(x) → GainKnowledge(x)), a universal implication. The Lean conclusion is ∃ p, becomes_smarter p ∧ gains_knowledge p, an"
wrong_direction,159,wrong_direction,deepseek,False,MISTRANSLATION,False,"[{'category': 'MISTRANSLATION', 'explanation': ""P7 in Lean is '¬(WorksInLab James ∨ HasPartTimeJob James)' but FOL GT is '¬∃x(PartTimeJob(x) ∧ Have(james,x) ∧ OfferedBy(x,computerScienceDepartment)) ∧"
wrong_direction,202,wrong_direction,deepseek,True,,False,"[{'category': 'FABRICATION', 'explanation': ""The Lean axiom 'loaned_to_Braga : LoanedOutTo AiltonSilva Braga' directly states AiltonSilva was loaned to Braga, but FOL Premise 2 states 'LoanedTo(ailton"
wrong_direction,70,wrong_direction,deepseek,False,FABRICATION,False,"[{'category': 'FABRICATION', 'explanation': ""The axiom 'mature_subset_stock : ∀ x, MatureStock x → Stock x' is added to the Lean formalization but does not appear in the FOL ground truth. This premise"
wrong_direction,75,wrong_direction,deepseek,True,,False,"[{'category': 'FABRICATION', 'explanation': ""T7 asserts 'Works Hannah' as a fact, but FOL Premise 7 is purely conditional and never asserts that Hannah works""}, {'category': 'MISTRANSLATION', 'explana"
wrong_direction,77,wrong_direction,deepseek,True,,False,"[{'category': 'MISTRANSLATION', 'explanation': ""Premise 7 (A7) changes the logical structure from '(Work ∧ NeedMoney) → ¬(Picky ∨ NeedMoney)' to 'Work ∧ (NeedMoney → (¬Picky ∧ ¬NeedMoney))', incorrect"
wrong_direction,83,wrong_direction,deepseek,True,,,
wrong_direction,89,wrong_direction,deepseek,True,,False,"[{'category': 'MISTRANSLATION', 'explanation': 'The FOL conclusion is ∀x (Smarter(x) → GainKnowledge(x)), a universal implication. The Lean conclusion is ∃ p, becomes_smarter p ∧ gains_knowledge p, an"
wrong_direction,159,wrong_direction,deepseek,False,FABRICATION,False,"[{'category': 'MISTRANSLATION', 'explanation': ""P7 in Lean is '¬(WorksInLab James ∨ HasPartTimeJob James)' but FOL GT states '¬∃x(PartTimeJob(x) ∧ Have(james,x) ∧ OfferedBy(x,computerScienceDepartment"
wrong_direction,202,wrong_direction,deepseek,True,,False,"[{'category': 'FABRICATION', 'explanation': ""The Lean axiom 'loaned_to_Braga : LoanedOutTo AiltonSilva Braga' directly asserts AiltonSilva was loaned to Braga, but the FOL states 'LoanedTo(ailton, bra"
wrong_direction,75,wrong_direction,deepseek,True,,False,"[{'category': 'MISTRANSLATION', 'explanation': ""T7 incorrectly asserts 'Works Hannah' as a fact in the first conjunct. The FOL premise 7 is a conditional where 'WorkIn(hannah, studentJob, campus) ∧ Ne"
wrong_direction,77,wrong_direction,deepseek,True,,False,"[{'category': 'MISTRANSLATION', 'explanation': ""Premise 7 (A7) changes the logical structure from '(Work ∧ NeedMoney) → ¬(Picky ∨ NeedMoney)' to 'Work ∧ (NeedMoney → (¬Picky ∧ ¬NeedMoney))', incorrect"
wrong_direction,83,wrong_direction,deepseek,True,,,
wrong_direction,89,wrong_direction,deepseek,True,,False,"[{'category': 'MISTRANSLATION', 'explanation': 'The FOL conclusion is ∀x (Smarter(x) → GainKnowledge(x)), a universal implication. The Lean conclusion is ∃ p, becomes_smarter p ∧ gains_knowledge p, an"
wrong_direction,156,wrong_direction,deepseek,False,MISTRANSLATION,False,"[{'category': 'MISTRANSLATION', 'explanation': ""Premise 7 (A7) is completely different: FOL has a conjunction '¬∃x(...) ∧ ¬WorkIn(james, lab)' but Lean has a disjunction '¬works_in_lab James ∨ has_uni"
wrong_direction,159,wrong_direction,deepseek,False,MISTRANSLATION,False,"[{'category': 'MISTRANSLATION', 'explanation': ""P7 in Lean is '¬(WorksInLab James ∨ HasPartTimeJob James)' but FOL GT is '¬∃x(PartTimeJob(x) ∧ Have(james,x) ∧ OfferedBy(x,computerScienceDepartment)) ∧"
wrong_direction,202,wrong_direction,deepseek,True,,True,
wrong_direction,41,wrong_direction,deepseek,False,MISTRANSLATION,,
wrong_direction,70,wrong_direction,deepseek,False,FABRICATION,False,"[{'category': 'FABRICATION', 'explanation': ""The axiom 'mature_subset_stock : ∀ x, MatureStock x → Stock x' is added to the Lean formalization but does not appear in the FOL ground truth. This premise"
wrong_direction,83,wrong_direction,deepseek,True,,,
wrong_direction,89,wrong_direction,deepseek,True,,False,"[{'category': 'MISTRANSLATION', 'explanation': 'The FOL conclusion is ∀x (Smarter(x) → GainKnowledge(x)), a universal implication. The Lean conclusion is ∃ p, becomes_smarter p ∧ gains_knowledge p, an"
wrong_direction,159,wrong_direction,deepseek,True,,False,"[{'category': 'MISTRANSLATION', 'explanation': ""P7 in Lean is '¬(WorksInLab James ∨ HasPartTimeJob James)' but FOL GT is '¬∃x(PartTimeJob(x) ∧ Have(james,x) ∧ OfferedBy(x,computerScienceDepartment)) ∧"
wrong_direction,202,wrong_direction,deepseek,True,,False,"[{'category': 'FABRICATION', 'explanation': ""The axiom 'loaned_to_Braga : LoanedOutTo AiltonSilva Braga' directly asserts that AiltonSilva was loaned to Braga, but FOL Premise 2 states 'LoanedTo(ailto"
wrong_direction,41,wrong_direction,deepseek,False,OMISSION,,
wrong_direction,70,wrong_direction,deepseek,False,FABRICATION,False,"[{'category': 'FABRICATION', 'explanation': ""The axiom 'mature_subset_stock : ∀ x, MatureStock x → Stock x' is added in the Lean formalization but does not appear in the FOL ground truth. This premise"
wrong_direction,83,wrong_direction,deepseek,True,,,
wrong_direction,89,wrong_direction,deepseek,True,,False,"[{'category': 'MISTRANSLATION', 'explanation': 'The FOL conclusion is ∀x (Smarter(x) → GainKnowledge(x)), a universal implication. The Lean conclusion is ∃ p, becomes_smarter p ∧ gains_knowledge p, an"
wrong_direction,159,wrong_direction,deepseek,False,MISTRANSLATION,False,"[{'category': 'MISTRANSLATION', 'explanation': ""P7 in Lean is '¬(WorksInLab James ∨ HasPartTimeJob James)' but FOL GT is '¬∃x(PartTimeJob(x) ∧ Have(james,x) ∧ OfferedBy(x,computerScienceDepartment)) ∧"
wrong_direction,202,wrong_direction,deepseek,True,,True,
wrong_direction,70,wrong_direction,deepseek,False,FABRICATION,False,"[{'category': 'FABRICATION', 'explanation': ""The Lean formalization adds 'axiom mature_subset_stock : ∀ x, MatureStock x → Stock x' which does not exist in the FOL ground truth. This axiom is necessar"
wrong_direction,83,wrong_direction,deepseek,True,,,
wrong_direction,89,wrong_direction,deepseek,True,,False,"[{'category': 'MISTRANSLATION', 'explanation': 'The FOL conclusion is ∀x (Smarter(x) → GainKnowledge(x)), a universal implication. The Lean conclusion is ∃ p, becomes_smarter p ∧ gains_knowledge p, an"
wrong_direction,202,wrong_direction,deepseek,True,,False,"[{'category': 'FABRICATION', 'explanation': ""The axiom 'loaned_to_Braga : LoanedOutTo AiltonSilva Braga' directly asserts that AiltonSilva was loaned to Braga, but FOL Premise 2 states 'LoanedTo(ailto"
wrong_direction,175,wrong_direction,deepseek,False,FABRICATION,False,"[{'category': 'FABRICATION', 'explanation': 'Axiom T3 (∀ x, SportingEvent x → x ≠ WorldChampionships) is completely fabricated with no basis in the FOL premises'}, {'category': 'MISTRANSLATION', 'expl"
wrong_direction,41,wrong_direction,deepseek,False,MISTRANSLATION,,
wrong_direction,70,wrong_direction,deepseek,False,MISTRANSLATION,False,"[{'category': 'FABRICATION', 'explanation': ""The Lean formalization adds 'axiom mature_subset_stock : ∀ x, MatureStock x → Stock x' which does not exist in the FOL ground truth. This axiom is necessar"
wrong_direction,75,wrong_direction,deepseek,True,,False,"[{'category': 'FABRICATION', 'explanation': ""T7 asserts 'Works Hannah' as a fact, but FOL premise 7 is purely conditional - it doesn't assert that Hannah works, only what follows if she does""}, {'cate"
wrong_direction,83,wrong_direction,deepseek,True,,,
wrong_direction,89,wrong_direction,deepseek,True,,False,"[{'category': 'MISTRANSLATION', 'explanation': 'The FOL conclusion is ∀x (Smarter(x) → GainKnowledge(x)), a universal implication. The Lean conclusion is ∃ p, becomes_smarter p ∧ gains_knowledge p, an"
wrong_direction,202,wrong_direction,deepseek,True,,False,"[{'category': 'FABRICATION', 'explanation': ""The Lean axiom 'loaned_to_Braga : LoanedOutTo AiltonSilva Braga' directly states AiltonSilva was loaned to Braga, but FOL Premise 2 states 'LoanedTo(ailton"
wrong_direction,34,wrong_direction,deepseek,False,FABRICATION,False,"[{'category': 'FABRICATION', 'explanation': 'The Lean formalization introduces an entirely different domain (professors, research, curiosity, Dr. Lee) that has no connection to the FOL ground truth ab"
wrong_direction,70,wrong_direction,deepseek,False,FABRICATION,False,"[{'category': 'FABRICATION', 'explanation': ""The axiom 'mature_subset_stock : ∀ x, MatureStock x → Stock x' is added to the Lean formalization but does not appear in the FOL ground truth. This premise"
wrong_direction,83,wrong_direction,deepseek,True,,,
wrong_direction,89,wrong_direction,deepseek,True,,False,"[{'category': 'MISTRANSLATION', 'explanation': 'The FOL conclusion is ∀x (Smarter(x) → GainKnowledge(x)), a universal implication. The Lean conclusion is ∃ p, becomes_smarter p ∧ gains_knowledge p, an"
wrong_direction,202,wrong_direction,deepseek,True,,False,"[{'category': 'MISTRANSLATION', 'explanation': 'FOL Premise 2 states LoanedTo(ailton, braga), but Lean directly asserts LoanedOutTo AiltonSilva Braga, conflating ailton and ailtonSilva which are disti"
wrong_direction,70,wrong_direction,deepseek,False,FABRICATION,False,"[{'category': 'FABRICATION', 'explanation': ""The axiom 'mature_subset_stock : ∀ x, MatureStock x → Stock x' is added in the Lean formalization but does not appear in the FOL ground truth. This premise"
wrong_direction,83,wrong_direction,deepseek,True,,,
wrong_direction,89,wrong_direction,deepseek,True,,False,"[{'category': 'MISTRANSLATION', 'explanation': 'The FOL conclusion is a universal statement ∀x (Smarter(x) → GainKnowledge(x)), but Lean proves an existential statement ∃ p, becomes_smarter p ∧ gains_"
wrong_direction,202,wrong_direction,deepseek,True,,False,"[{'category': 'FABRICATION', 'explanation': ""The Lean axiom 'loaned_to_Braga : LoanedOutTo AiltonSilva Braga' directly asserts AiltonSilva was loaned to Braga, but the FOL states 'LoanedTo(ailton, bra"
wrong_direction,43,wrong_direction,deepseek,False,FABRICATION,False,"[{'category': 'MISTRANSLATION', 'explanation': ""The FOL conclusion is 'LostTo(cocoGauff, świątek) ∧ At(cocoGauff, rolandGarros2022)' (Coco lost to Świątek), but the Lean theorem proves '¬lost_to_Nadal"
wrong_direction,159,wrong_direction,deepseek,False,MISTRANSLATION,False,"[{'category': 'MISTRANSLATION', 'explanation': ""P7 is fundamentally mistranslated. FOL says 'no CS-department-offered part-time job for James AND James doesn't work in lab', but Lean says 'James neith"
wrong_direction,25,wrong_direction,deepseek,False,FABRICATION,False,"[{'category': 'FABRICATION', 'explanation': ""The axiom 'region_exclusive' (∀ x, LocatedInNorthernChina x → ¬ LocatedInSouthernChina x) is not present in the FOL premises. This axiom stating that north"
divergent,75,divergent_TRUE,gpt-5,True,,False,"[{'category': 'FABRICATION', 'explanation': ""The Lean formalization introduces completely different predicates (Car, PreventiveMaintenance, QualityParts, LongServiceLife) and entities (lizCar) that do"
divergent,75,divergent_FALSE,gpt-5,True,,False,"[{'category': 'FABRICATION', 'explanation': ""The Lean formalization is about cars, preventive maintenance, quality parts, and long life (Car, PM, QP, LL, LizCar), which has no relation to the FOL grou"
divergent,76,divergent_TRUE,gpt-5,True,,False,"[{'category': 'FABRICATION', 'explanation': ""The Lean formalization introduces completely different propositions (W=weekend, R=relax, F=finish tasks, C=clear mind, O=organized, T=to-do list) that have"
divergent,76,divergent_FALSE,gpt-5,True,,False,"[{'category': 'FABRICATION', 'explanation': 'The Lean formalization introduces completely different predicates (Weekend, Relax, FinishTasks, ClearMind, Organized, ToDoList) that have no correspondence"
divergent,77,divergent_TRUE,gpt-5,True,,False,"[{'category': 'MISTRANSLATION', 'explanation': 'Premise 5 drops the second conjunct about spending time catching up with friends in dining hall'}, {'category': 'MISTRANSLATION', 'explanation': 'Premis"
divergent,77,divergent_FALSE,gpt-5,True,,False,"[{'category': 'MISTRANSLATION', 'explanation': ""P7 structure changed from '(Work ∧ NeedMoney) → ¬(Picky ∨ NeedMoney)' to 'Work ∧ (NeedMoney → (¬Picky ∧ ¬NeedMoney))', which asserts Work as a fact rath"
divergent,156,divergent_TRUE,gpt-5,True,,False,"[{'category': 'MISTRANSLATION', 'explanation': ""P7 in FOL is '¬∃x(PartTimeJob(x) ∧ Have(james,x) ∧ OfferedBy(x,computerScienceDepartment)) ∧ ¬WorkIn(james,lab)' but Lean has '¬(works_in_lab James ∨ ha"
divergent,156,divergent_FALSE,gpt-5,True,,False,"[{'category': 'MISTRANSLATION', 'explanation': 'The conclusion is negated: FOL concludes James HAS a part-time job offered by university, but Lean concludes James does NOT have a part-time job'}, {'ca"
divergent,157,divergent_TRUE,gpt-5,False,MISTRANSLATION,False,"[{'category': 'MISTRANSLATION', 'explanation': 'Premise 7 in FOL is a conjunction (¬∃x(...) ∧ ¬WorkIn(james, lab)) but Lean renders it as a disjunction (¬WorksInLab James ∨ ¬HasPartTimeJob James)'}, {"
divergent,157,divergent_FALSE,gpt-5,False,MISTRANSLATION,False,"[{'category': 'MISTRANSLATION', 'explanation': 'P2 drops the condition that the part-time job must be offered by the university'}, {'category': 'MISTRANSLATION', 'explanation': 'P7 incorrectly transla"
divergent,158,divergent_TRUE,gpt-5,True,,,
divergent,158,divergent_FALSE,gpt-5,True,,False,"[{'category': 'OMISSION', 'explanation': 'P2 drops the condition that the part-time job must be offered by the university (OfferedBy(y, university))'}, {'category': 'MISTRANSLATION', 'explanation': ""P"
divergent,159,divergent_TRUE,gpt-5,True,,,
divergent,159,divergent_FALSE,gpt-5,True,,,
divergent,75,divergent_TRUE,gpt-5,True,,False,"[{'category': 'FABRICATION', 'explanation': ""The Lean formalization introduces completely different predicates (Car, PreventiveMaintenance, QualityParts, LongServiceLife) and entities (lizCar) that do"
divergent,75,divergent_FALSE,gpt-5,True,,False,"[{'category': 'FABRICATION', 'explanation': ""The Lean formalization is about cars, preventive maintenance, quality parts, and long life (Car, PM, QP, LL, LizCar), which has no relation to the FOL grou"
divergent,76,divergent_TRUE,gpt-5,True,,False,"[{'category': 'FABRICATION', 'explanation': ""The Lean formalization introduces completely different propositions (W=weekend, R=relax, F=finish tasks, C=clear mind, O=organized, T=to-do list) that have"
divergent,76,divergent_FALSE,gpt-5,True,,False,"[{'category': 'FABRICATION', 'explanation': 'The Lean formalization introduces completely different predicates (Weekend, Relax, FinishTasks, ClearMind, Organized, ToDoList) that have no correspondence"
divergent,77,divergent_TRUE,gpt-5,True,,False,"[{'category': 'MISTRANSLATION', 'explanation': 'Premise 5 drops the second conjunct about spending time catching up with friends in dining hall'}, {'category': 'MISTRANSLATION', 'explanation': 'Premis"
divergent,77,divergent_FALSE,gpt-5,True,,False,"[{'category': 'MISTRANSLATION', 'explanation': ""P7 structure changed from '(Work ∧ NeedMoney) → ¬(Picky ∨ NeedMoney)' to 'Work ∧ (NeedMoney → (¬Picky ∧ ¬NeedMoney))', which asserts Work as a fact rath"
divergent,156,divergent_TRUE,gpt-5,True,,False,"[{'category': 'MISTRANSLATION', 'explanation': ""P7 in FOL is a conjunction stating no CS-offered part-time job for James AND James doesn't work in lab. Lean P7 incorrectly translates this as negation "
divergent,156,divergent_FALSE,gpt-5,True,,False,"[{'category': 'MISTRANSLATION', 'explanation': 'P7 in FOL refers to a part-time job offered by CS department, but Lean P7 refers to any part-time job. Also the logical structure differs.'}, {'category"
divergent,157,divergent_TRUE,gpt-5,False,MISTRANSLATION,False,"[{'category': 'MISTRANSLATION', 'explanation': 'P7 in FOL is a conjunction (¬∃x(...) ∧ ¬WorkIn(james, lab)) but Lean renders it as a disjunction (¬WorksInLab James ∨ ¬HasPartTimeJob James)'}, {'catego"
divergent,157,divergent_FALSE,gpt-5,True,,False,"[{'category': 'MISTRANSLATION', 'explanation': 'P2 drops the condition that the part-time job must be offered by the university'}, {'category': 'MISTRANSLATION', 'explanation': 'P7 incorrectly transla"
divergent,158,divergent_TRUE,gpt-5,True,,,
divergent,158,divergent_FALSE,gpt-5,True,,False,"[{'category': 'OMISSION', 'explanation': 'P2 drops the condition that the part-time job must be offered by the university (OfferedBy(y, university))'}, {'category': 'MISTRANSLATION', 'explanation': ""P"
divergent,159,divergent_TRUE,gpt-5,True,,,
divergent,159,divergent_FALSE,gpt-5,True,,,
divergent,75,divergent_TRUE,gpt-5,True,,False,"[{'category': 'FABRICATION', 'explanation': ""The Lean formalization introduces completely different predicates (Car, PreventiveMaintenance, QualityParts, LongServiceLife) and entities (lizCar) that do"
divergent,75,divergent_FALSE,gpt-5,True,,False,"[{'category': 'FABRICATION', 'explanation': ""The Lean formalization is about cars, preventive maintenance, quality parts, and long life (Car, PM, QP, LL, LizCar), which has no relation to the FOL grou"
divergent,76,divergent_TRUE,gpt-5,True,,False,"[{'category': 'FABRICATION', 'explanation': ""The Lean formalization introduces completely different propositions (W=weekend, R=relax, F=finish tasks, C=clear mind, O=organized, T=to-do list) that have"
divergent,76,divergent_FALSE,gpt-5,True,,False,"[{'category': 'FABRICATION', 'explanation': 'The Lean formalization introduces completely different predicates (Weekend, Relax, FinishTasks, ClearMind, Organized, ToDoList) that have no correspondence"
divergent,77,divergent_TRUE,gpt-5,False,MISTRANSLATION,False,"[{'category': 'MISTRANSLATION', 'explanation': 'Premise 5 drops the second conjunct about spending time catching up with friends in dining hall'}, {'category': 'MISTRANSLATION', 'explanation': 'Premis"
divergent,77,divergent_FALSE,gpt-5,True,,False,"[{'category': 'MISTRANSLATION', 'explanation': ""P7 structure changed from '(Work ∧ NeedMoney) → ¬(Picky ∨ NeedMoney)' to 'Work ∧ (NeedMoney → (¬Picky ∧ ¬NeedMoney))' - different logical structure""}, {"
divergent,156,divergent_TRUE,gpt-5,True,,False,"[{'category': 'MISTRANSLATION', 'explanation': ""P7 in Lean is '¬(works_in_lab James ∨ has_university_job James)' but FOL GT Premise 7 is '¬∃x(PartTimeJob(x) ∧ Have(james,x) ∧ OfferedBy(x,computerScien"
divergent,156,divergent_FALSE,gpt-5,True,,False,"[{'category': 'MISTRANSLATION', 'explanation': ""P7 in FOL states James doesn't have a CS-department-offered job AND doesn't work in lab, but Lean P7 states NOT(works in lab OR has any part-time job), "
divergent,157,divergent_TRUE,gpt-5,True,,False,"[{'category': 'MISTRANSLATION', 'explanation': 'Premise 7 in FOL is a conjunction (¬∃x(...) ∧ ¬WorkIn(james, lab)), but Lean P7 is a disjunction (¬WorksInLab James ∨ ¬HasPartTimeJob James). These have"
divergent,157,divergent_FALSE,gpt-5,True,,False,"[{'category': 'MISTRANSLATION', 'explanation': 'P2 drops the condition that the part-time job must be offered by the university'}, {'category': 'MISTRANSLATION', 'explanation': 'P7 incorrectly transla"
divergent,158,divergent_TRUE,gpt-5,True,,,
divergent,158,divergent_FALSE,gpt-5,False,FABRICATION,False,"[{'category': 'MISTRANSLATION', 'explanation': ""P7 in FOL is a conjunction stating James doesn't have a PT job from CS department AND doesn't work in lab. Lean incorrectly formalizes this as ¬(works_i"
divergent,159,divergent_TRUE,gpt-5,True,,,
divergent,159,divergent_FALSE,gpt-5,True,,,
divergent,75,divergent_TRUE,gpt-5,True,,False,"[{'category': 'FABRICATION', 'explanation': ""The Lean formalization introduces completely different predicates (Car, PreventiveMaintenance, QualityParts, LongServiceLife) and entities (lizCar) that do"
divergent,75,divergent_FALSE,gpt-5,True,,False,"[{'category': 'FABRICATION', 'explanation': ""The Lean formalization is about cars, preventive maintenance, quality parts, and long life (Car, PM, QP, LL, LizCar), which has no relation to the FOL grou"
divergent,76,divergent_TRUE,gpt-5,True,,False,"[{'category': 'FABRICATION', 'explanation': ""The Lean formalization introduces completely different propositions (W=weekend, R=relax, F=finish tasks, C=clear mind, O=organized, T=to-do list) that have"
divergent,76,divergent_FALSE,gpt-5,True,,False,"[{'category': 'FABRICATION', 'explanation': 'The Lean formalization introduces completely different predicates (Weekend, Relax, FinishTasks, ClearMind, Organized, ToDoList) that have no correspondence"
divergent,77,divergent_TRUE,gpt-5,True,,False,"[{'category': 'MISTRANSLATION', 'explanation': 'Premise 5 drops the second conjunct about spending time catching up with friends in dining hall'}, {'category': 'MISTRANSLATION', 'explanation': 'Premis"
divergent,77,divergent_FALSE,gpt-5,False,FABRICATION,False,"[{'category': 'MISTRANSLATION', 'explanation': ""P7 in FOL GT is '(Work ∧ NeedMoney) → ¬(Picky ∨ NeedMoney)' but LEAN encodes it as 'Work ∧ (NeedMoney → (¬Picky ∧ ¬NeedMoney))', which changes the logic"
divergent,103,divergent_TRUE,gpt-5,True,,True,
divergent,103,divergent_FALSE,gpt-5,False,MISTRANSLATION,False,"[{'category': 'MISTRANSLATION', 'explanation': 'The FOL conclusion is ¬(BornIn(luke, multipleBirth) ∨ ComplainAbout(...)), which means (¬BornMultiple Luke ∧ ¬ComplainAnnoying Luke). The Lean theorem p"
divergent,156,divergent_TRUE,gpt-5,True,,False,"[{'category': 'MISTRANSLATION', 'explanation': ""P7 in FOL is a conjunction stating no CS-offered part-time job for James AND James doesn't work in lab. Lean P7 incorrectly translates this as negation "
divergent,156,divergent_FALSE,gpt-5,False,OMISSION,False,"[{'category': 'MISTRANSLATION', 'explanation': 'The conclusion is inverted: FOL asks to prove James HAS a part-time job offered by the university, but Lean proves James does NOT have a part-time job'}"
divergent,157,divergent_TRUE,gpt-5,True,,False,"[{'category': 'MISTRANSLATION', 'explanation': 'Premise 7 in FOL is a conjunction (¬∃x(...) ∧ ¬WorkIn(james, lab)) but Lean renders it as a disjunction (¬WorksInLab James ∨ ¬HasPartTimeJob James)'}, {"
divergent,157,divergent_FALSE,gpt-5,True,,False,"[{'category': 'MISTRANSLATION', 'explanation': 'P2 drops the condition that the part-time job must be offered by the university'}, {'category': 'MISTRANSLATION', 'explanation': 'P7 incorrectly transla"
divergent,158,divergent_TRUE,gpt-5,False,MISTRANSLATION,,
divergent,158,divergent_FALSE,gpt-5,True,,False,"[{'category': 'OMISSION', 'explanation': 'P2 drops the condition that the part-time job must be offered by the university (OfferedBy(y, university))'}, {'category': 'MISTRANSLATION', 'explanation': ""P"
divergent,159,divergent_TRUE,gpt-5,False,MISTRANSLATION,,
divergent,159,divergent_FALSE,gpt-5,True,,,
divergent,34,divergent_TRUE,gpt-5,False,FABRICATION,False,"[{'category': 'FABRICATION', 'explanation': 'The Lean formalization introduces an entirely different domain (Professors, DrLee, PublishesResearch, Collaborates, IsExpert, IsLeader, Curious) that has n"
divergent,34,divergent_FALSE,gpt-5,False,FABRICATION,False,"[{'category': 'FABRICATION', 'explanation': 'The Lean formalization introduces an entirely different domain (Professors, publishing research, experts, collaborating with scholars, etc.) that has no co"
divergent,75,divergent_TRUE,gpt-5,True,,False,"[{'category': 'FABRICATION', 'explanation': ""The Lean formalization introduces completely different predicates (Car, PreventiveMaintenance, QualityParts, LongServiceLife) and entities (lizCar) that do"
divergent,75,divergent_FALSE,gpt-5,True,,False,"[{'category': 'FABRICATION', 'explanation': ""The Lean formalization is about cars, preventive maintenance, quality parts, and long life (Car, PM, QP, LL, LizCar), which has no relation to the FOL grou"
divergent,76,divergent_TRUE,gpt-5,True,,False,"[{'category': 'FABRICATION', 'explanation': ""The Lean formalization introduces completely different propositions (W=weekend, R=relax, F=finish tasks, C=clear mind, O=organized, T=to-do list) that have"
divergent,76,divergent_FALSE,gpt-5,True,,False,"[{'category': 'FABRICATION', 'explanation': 'The Lean formalization introduces completely different predicates (Weekend, Relax, FinishTasks, ClearMind, Organized, ToDoList) that have no correspondence"
divergent,77,divergent_TRUE,gpt-5,False,OMISSION,False,"[{'category': 'MISTRANSLATION', 'explanation': 'Premise 5 drops the second conjunct about spending time catching up with friends in dining hall'}, {'category': 'MISTRANSLATION', 'explanation': 'Premis"
divergent,77,divergent_FALSE,gpt-5,True,,False,"[{'category': 'MISTRANSLATION', 'explanation': ""P7 structure changed from '(Work ∧ NeedMoney) → ¬(Picky ∨ NeedMoney)' to 'Work ∧ (NeedMoney → (¬Picky ∧ ¬NeedMoney))', which asserts Work as a fact rath"
divergent,103,divergent_TRUE,gpt-5,True,,True,
divergent,103,divergent_FALSE,gpt-5,False,MISTRANSLATION,False,"[{'category': 'MISTRANSLATION', 'explanation': 'The FOL conclusion is ¬(BornIn(luke, multipleBirth) ∨ ComplainAbout(...)), which means (¬BornMultiple Luke ∧ ¬ComplainAnnoying Luke). The Lean theorem p"
divergent,156,divergent_TRUE,gpt-5,True,,False,"[{'category': 'MISTRANSLATION', 'explanation': ""P7 in FOL is '¬∃x(PartTimeJob(x) ∧ Have(james,x) ∧ OfferedBy(x,computerScienceDepartment)) ∧ ¬WorkIn(james,lab)' but Lean has '¬(works_in_lab James ∨ ha"
divergent,156,divergent_FALSE,gpt-5,True,,False,"[{'category': 'MISTRANSLATION', 'explanation': ""P7 in FOL says James doesn't have a CS-department-offered job AND doesn't work in lab, but Lean P7 says James doesn't work in lab AND doesn't have ANY p"
divergent,158,divergent_TRUE,gpt-5,True,,,
divergent,158,divergent_FALSE,gpt-5,True,,False,"[{'category': 'OMISSION', 'explanation': 'P2 drops the condition that the part-time job must be offered by the university (OfferedBy(y, university))'}, {'category': 'MISTRANSLATION', 'explanation': ""P"
divergent,159,divergent_TRUE,gpt-5,True,,,
divergent,159,divergent_FALSE,gpt-5,True,,,
divergent,191,divergent_TRUE,gpt-5,False,MISTRANSLATION,False,"[{'category': 'MISTRANSLATION', 'explanation': ""The conclusion's antecedent structure is wrong: FOL GT has ¬(AmericanNational ∧ Professional ∧ BasketballPlayer) - negation of entire conjunction, but L"
divergent,191,divergent_FALSE,gpt-5,True,,False,"[{'category': 'OMISSION', 'explanation': 'The BasketballPlayer predicate is completely absent from the Lean formalization. All premises and the conclusion that reference BasketballPlayer in FOL have t"
divergent,21,divergent_TRUE,gpt-5,True,,False,"[{'category': 'MISTRANSLATION', 'explanation': ""Premise 3 in FOL is '(NetflixShow(x) ∧ BingeWatch(karen, x)) ↔ Download(karen, x)' where the biconditional relates the conjunction to Download. The Lean"
divergent,21,divergent_FALSE,gpt-5,False,MISTRANSLATION,False,"[{'category': 'MISTRANSLATION', 'explanation': 'The biconditional axiom download_iff_exists_binged_netflix incorrectly uses an existential quantifier (∃ t : Show, Netflix t ∧ BingeK t) instead of dire"
divergent,34,divergent_TRUE,gpt-5,False,FABRICATION,False,"[{'category': 'FABRICATION', 'explanation': 'The Lean formalization introduces an entirely different domain (Professors, DrLee, PublishesResearch, Collaborates, IsExpert, IsLeader, Curious) that has n"
divergent,34,divergent_FALSE,gpt-5,False,FABRICATION,False,"[{'category': 'FABRICATION', 'explanation': 'The Lean formalization introduces an entirely different domain (Professors, publishing research, experts, collaborating with scholars, etc.) that has no co"
divergent,75,divergent_TRUE,gpt-5,True,,False,"[{'category': 'FABRICATION', 'explanation': ""The Lean formalization introduces completely different predicates (Car, PreventiveMaintenance, QualityParts, LongServiceLife) and entities (lizCar) that do"
divergent,75,divergent_FALSE,gpt-5,True,,False,"[{'category': 'FABRICATION', 'explanation': ""The Lean formalization is about cars, preventive maintenance, quality parts, and long life (Car, PM, QP, LL, LizCar), which has no relation to the FOL grou"
divergent,76,divergent_TRUE,gpt-5,True,,False,"[{'category': 'FABRICATION', 'explanation': ""The Lean formalization introduces completely different propositions (W=weekend, R=relax, F=finish tasks, C=clear mind, O=organized, T=to-do list) that have"
divergent,76,divergent_FALSE,gpt-5,True,,False,"[{'category': 'FABRICATION', 'explanation': 'The Lean formalization introduces completely different predicates (Weekend, Relax, FinishTasks, ClearMind, Organized, ToDoList) that have no correspondence"
divergent,77,divergent_TRUE,gpt-5,True,,False,"[{'category': 'MISTRANSLATION', 'explanation': 'Premise 5 drops the second conjunct about spending time catching up with friends in dining hall'}, {'category': 'MISTRANSLATION', 'explanation': 'Premis"
divergent,77,divergent_FALSE,gpt-5,True,,False,"[{'category': 'MISTRANSLATION', 'explanation': ""P7 in LEAN is 'Work hannah ∧ (NeedMoney hannah → (¬Picky ∧ ¬NeedMoney))' but FOL GT is '(Work ∧ NeedMoney) → ¬(Picky ∨ NeedMoney)'. The LEAN version inc"
divergent,156,divergent_TRUE,gpt-5,True,,False,"[{'category': 'MISTRANSLATION', 'explanation': ""P7 in FOL is '¬∃x(PartTimeJob(x) ∧ Have(james,x) ∧ OfferedBy(x,computerScienceDepartment)) ∧ ¬WorkIn(james,lab)' but Lean has '¬(works_in_lab James ∨ ha"
divergent,156,divergent_FALSE,gpt-5,False,MISTRANSLATION,False,"[{'category': 'MISTRANSLATION', 'explanation': 'The conclusion is negated: FOL concludes James HAS a part-time job offered by university, but Lean concludes James does NOT have a part-time job'}, {'ca"
divergent,158,divergent_TRUE,gpt-5,False,MISTRANSLATION,,
divergent,158,divergent_FALSE,gpt-5,True,,False,"[{'category': 'OMISSION', 'explanation': ""P2 drops the condition 'OfferedBy(y, university)' - the FOL requires the part-time job to be offered by the university""}, {'category': 'MISTRANSLATION', 'expl"
divergent,159,divergent_TRUE,gpt-5,False,MISTRANSLATION,,
divergent,159,divergent_FALSE,gpt-5,True,,,
divergent,75,divergent_TRUE,deepseek,True,,False,"[{'category': 'FABRICATION', 'explanation': ""The Lean formalization introduces completely different predicates (Car, PreventiveMaintenance, QualityParts, LongServiceLife) and entities (lizCar) that do"
divergent,75,divergent_FALSE,deepseek,True,,False,"[{'category': 'FABRICATION', 'explanation': ""The Lean formalization is about cars, preventive maintenance, quality parts, and long life (Car, PM, QP, LL, LizCar), which has no relation to the FOL grou"
divergent,76,divergent_TRUE,deepseek,True,,False,"[{'category': 'FABRICATION', 'explanation': ""The Lean formalization introduces completely different propositions (W=weekend, R=relax, F=finish tasks, C=clear mind, O=organized, T=to-do list) that have"
divergent,76,divergent_FALSE,deepseek,True,,False,"[{'category': 'FABRICATION', 'explanation': 'The Lean formalization introduces completely different predicates (Weekend, Relax, FinishTasks, ClearMind, Organized, ToDoList) that have no correspondence"
divergent,77,divergent_TRUE,deepseek,True,,False,"[{'category': 'MISTRANSLATION', 'explanation': 'Premise 5 drops the second conjunct about spending time catching up with friends in dining hall'}, {'category': 'MISTRANSLATION', 'explanation': 'Premis"
divergent,77,divergent_FALSE,deepseek,True,,False,"[{'category': 'MISTRANSLATION', 'explanation': ""P7 in LEAN is 'Work hannah ∧ (NeedMoney hannah → (¬Picky ∧ ¬NeedMoney))' but FOL GT is '(Work ∧ NeedMoney) → ¬(Picky ∨ NeedMoney)'. The LEAN version inc"
divergent,90,divergent_TRUE,deepseek,True,,False,"[{'category': 'FABRICATION', 'explanation': 'The entire Lean formalization is about sports/crowd dynamics (home_winning, rivalry, emotionally_invested, loud, energized, electric) which has no correspo"
divergent,90,divergent_FALSE,deepseek,True,,False,"[{'category': 'FABRICATION', 'explanation': ""The Lean formalization introduces completely different propositions (W, R, I, L, E) and axioms about 'Home team winning', 'Rivalry game', 'atmosphere elect"
divergent,156,divergent_TRUE,deepseek,False,MISTRANSLATION,False,"[{'category': 'MISTRANSLATION', 'explanation': ""P7 in FOL is '¬∃x(PartTimeJob(x) ∧ Have(james,x) ∧ OfferedBy(x,computerScienceDepartment)) ∧ ¬WorkIn(james,lab)' but Lean translates it as '¬(works_in_l"
divergent,156,divergent_FALSE,deepseek,False,MISTRANSLATION,False,"[{'category': 'MISTRANSLATION', 'explanation': 'The conclusion is inverted: FOL asks to prove James HAS a part-time job offered by the university, but Lean proves James does NOT have a part-time job'}"
divergent,157,divergent_TRUE,deepseek,False,FABRICATION,False,"[{'category': 'MISTRANSLATION', 'explanation': 'Premise 7 in FOL is a conjunction (¬∃x(...) ∧ ¬WorkIn(james, lab)) but Lean renders it as a disjunction (¬WorksInLab James ∨ ¬HasPartTimeJob James)'}, {"
divergent,157,divergent_FALSE,deepseek,True,,False,"[{'category': 'MISTRANSLATION', 'explanation': 'P2 drops the condition that the part-time job must be offered by the university'}, {'category': 'MISTRANSLATION', 'explanation': 'P7 changes from a conj"
divergent,75,divergent_TRUE,deepseek,True,,False,"[{'category': 'FABRICATION', 'explanation': ""The Lean formalization introduces completely different predicates (Car, PreventiveMaintenance, QualityParts, LongServiceLife) and entities (lizCar) that do"
divergent,75,divergent_FALSE,deepseek,True,,False,"[{'category': 'FABRICATION', 'explanation': ""The Lean formalization is about cars, preventive maintenance, quality parts, and long life (Car, PM, QP, LL, LizCar), which has no relation to the FOL grou"
divergent,76,divergent_TRUE,deepseek,False,OMISSION,False,"[{'category': 'FABRICATION', 'explanation': ""The Lean formalization introduces completely different propositions (W=weekend, R=relax, F=finish tasks, C=clear mind, O=organized, T=to-do list) that have"
divergent,76,divergent_FALSE,deepseek,True,,False,"[{'category': 'FABRICATION', 'explanation': 'The Lean formalization introduces completely different predicates (Weekend, Relax, FinishTasks, ClearMind, Organized, ToDoList) that have no correspondence"
divergent,77,divergent_TRUE,deepseek,True,,False,"[{'category': 'MISTRANSLATION', 'explanation': 'Premise 5 drops the second conjunct about spending time catching up with friends in dining hall'}, {'category': 'MISTRANSLATION', 'explanation': 'Premis"
divergent,77,divergent_FALSE,deepseek,True,,False,"[{'category': 'MISTRANSLATION', 'explanation': ""P7 structure changed from '(Work ∧ NeedMoney) → ¬(Picky ∨ NeedMoney)' to 'Work ∧ (NeedMoney → (¬Picky ∧ ¬NeedMoney))', which asserts Work as a fact rath"
divergent,103,divergent_TRUE,deepseek,True,,True,
divergent,103,divergent_FALSE,deepseek,True,,False,"[{'category': 'MISTRANSLATION', 'explanation': 'The FOL conclusion is ¬(BornIn(luke, multipleBirth) ∨ ComplainAbout(...)), which means (¬BornMultiple Luke ∧ ¬ComplainAnnoying Luke). The Lean theorem p"
divergent,157,divergent_TRUE,deepseek,False,MISTRANSLATION,False,"[{'category': 'MISTRANSLATION', 'explanation': 'Premise 7 in FOL is a conjunction (¬∃x(...) ∧ ¬WorkIn(james, lab)) but Lean renders it as a disjunction (¬WorksInLab James ∨ ¬HasPartTimeJob James)'}, {"
divergent,157,divergent_FALSE,deepseek,True,,False,"[{'category': 'MISTRANSLATION', 'explanation': 'P2 drops the condition that the part-time job must be offered by the university'}, {'category': 'MISTRANSLATION', 'explanation': ""P7 changes from 'no CS"
divergent,158,divergent_TRUE,deepseek,False,OMISSION,,
divergent,158,divergent_FALSE,deepseek,True,,False,"[{'category': 'OMISSION', 'explanation': ""P2 drops the condition 'OfferedBy(y, university)' - the FOL requires the part-time job to be offered by the university, but Lean just checks if student has an"
divergent,75,divergent_TRUE,deepseek,True,,False,"[{'category': 'FABRICATION', 'explanation': ""The Lean formalization introduces completely different predicates (Car, PreventiveMaintenance, QualityParts, LongServiceLife) and entities (lizCar) that do"
divergent,75,divergent_FALSE,deepseek,True,,False,"[{'category': 'FABRICATION', 'explanation': ""The Lean formalization is about cars, preventive maintenance, quality parts, and long life (Car, PM, QP, LL, LizCar), which has no relation to the FOL grou"
divergent,76,divergent_TRUE,deepseek,True,,False,"[{'category': 'FABRICATION', 'explanation': ""The Lean formalization introduces completely different propositions (W=weekend, R=relax, F=finish tasks, C=clear mind, O=organized, T=to-do list) that have"
divergent,76,divergent_FALSE,deepseek,True,,False,"[{'category': 'FABRICATION', 'explanation': 'The Lean formalization introduces completely different predicates (Weekend, Relax, FinishTasks, ClearMind, Organized, ToDoList) that have no correspondence"
divergent,77,divergent_TRUE,deepseek,True,,False,"[{'category': 'MISTRANSLATION', 'explanation': 'Premise 5 drops the second conjunct about spending time catching up with friends in dining hall'}, {'category': 'MISTRANSLATION', 'explanation': 'Premis"
divergent,77,divergent_FALSE,deepseek,True,,False,"[{'category': 'MISTRANSLATION', 'explanation': ""P7 structure changed from '(Work ∧ NeedMoney) → ¬(Picky ∨ NeedMoney)' to 'Work ∧ (NeedMoney → (¬Picky ∧ ¬NeedMoney))' - different logical structure""}, {"
divergent,156,divergent_TRUE,deepseek,True,,False,"[{'category': 'MISTRANSLATION', 'explanation': ""P7 in FOL is a conjunction stating no CS-offered part-time job for James AND James doesn't work in lab. Lean P7 incorrectly translates this as negation "
divergent,156,divergent_FALSE,deepseek,False,MISTRANSLATION,False,"[{'category': 'MISTRANSLATION', 'explanation': 'The conclusion is inverted: FOL asks to prove James HAS a part-time job offered by the university, but Lean proves James does NOT have a part-time job'}"
divergent,157,divergent_TRUE,deepseek,False,MISTRANSLATION,False,"[{'category': 'MISTRANSLATION', 'explanation': 'Premise 7 in FOL is a conjunction (¬∃x(...) ∧ ¬WorkIn(james, lab)), but Lean P7 is a disjunction (¬WorksInLab James ∨ ¬HasPartTimeJob James). These have"
divergent,157,divergent_FALSE,deepseek,True,,False,"[{'category': 'MISTRANSLATION', 'explanation': 'P2 drops the condition that the part-time job must be offered by the university'}, {'category': 'MISTRANSLATION', 'explanation': 'P7 changes from a conj"
divergent,158,divergent_TRUE,deepseek,False,MISTRANSLATION,,
divergent,158,divergent_FALSE,deepseek,True,,False,"[{'category': 'OMISSION', 'explanation': ""P2 drops the condition 'OfferedBy(y, university)' - the FOL requires the part-time job to be offered by the university""}, {'category': 'MISTRANSLATION', 'expl"
divergent,159,divergent_TRUE,deepseek,True,,,
divergent,159,divergent_FALSE,deepseek,True,,,
divergent,197,divergent_TRUE,deepseek,True,,,
divergent,197,divergent_FALSE,deepseek,True,,False,"[{'category': 'MISTRANSLATION', 'explanation': ""Premises 4, 5, and 7 replace the complex FOL condition '∃y ∃z (¬(y=z) ∧ Leg(y) ∧ Leg(z) ∧ Have(x, y) ∧ Have(x, z))' (having two distinct legs) with a si"
divergent,75,divergent_TRUE,deepseek,True,,False,"[{'category': 'FABRICATION', 'explanation': ""The Lean formalization introduces completely different predicates (Car, PreventiveMaintenance, QualityParts, LongServiceLife) and entities (lizCar) that do"
divergent,75,divergent_FALSE,deepseek,True,,False,"[{'category': 'FABRICATION', 'explanation': ""The Lean formalization is about cars, preventive maintenance, quality parts, and long life (Car, PM, QP, LL, LizCar), which has no relation to the FOL grou"
divergent,76,divergent_TRUE,deepseek,True,,False,"[{'category': 'FABRICATION', 'explanation': ""The Lean formalization introduces completely different propositions (W=weekend, R=relax, F=finish tasks, C=clear mind, O=organized, T=to-do list) that have"
divergent,76,divergent_FALSE,deepseek,True,,False,"[{'category': 'FABRICATION', 'explanation': 'The Lean formalization introduces completely different predicates (Weekend, Relax, FinishTasks, ClearMind, Organized, ToDoList) that have no correspondence"
divergent,77,divergent_TRUE,deepseek,True,,False,"[{'category': 'MISTRANSLATION', 'explanation': 'Premise 5 drops the second conjunct about spending time catching up with friends in dining hall'}, {'category': 'MISTRANSLATION', 'explanation': 'Premis"
divergent,77,divergent_FALSE,deepseek,True,,False,"[{'category': 'MISTRANSLATION', 'explanation': ""P7 in FOL GT is '(Work ∧ NeedMoney) → ¬(Picky ∨ NeedMoney)' but LEAN encodes it as 'Work ∧ (NeedMoney → (¬Picky ∧ ¬NeedMoney))', which changes the logic"
divergent,156,divergent_TRUE,deepseek,True,,False,"[{'category': 'MISTRANSLATION', 'explanation': ""P7 in FOL is a conjunction stating no CS-offered part-time job for James AND James doesn't work in lab. Lean P7 incorrectly translates this as negation "
divergent,156,divergent_FALSE,deepseek,False,MISTRANSLATION,False,"[{'category': 'MISTRANSLATION', 'explanation': 'P7 in FOL refers to a part-time job offered by CS department, but Lean P7 refers to any part-time job. Also the logical structure differs.'}, {'category"
divergent,157,divergent_TRUE,deepseek,False,MISTRANSLATION,False,"[{'category': 'MISTRANSLATION', 'explanation': 'Premise 7 in FOL is a conjunction (¬∃x(...) ∧ ¬WorkIn(james, lab)), but Lean renders it as a disjunction (¬WorksInLab James ∨ ¬HasPartTimeJob James)'}, "
divergent,157,divergent_FALSE,deepseek,True,,False,"[{'category': 'MISTRANSLATION', 'explanation': 'P2 drops the condition that the part-time job must be offered by the university'}, {'category': 'MISTRANSLATION', 'explanation': 'P7 incorrectly transla"
divergent,158,divergent_TRUE,deepseek,False,MISTRANSLATION,,
divergent,158,divergent_FALSE,deepseek,True,,False,"[{'category': 'OMISSION', 'explanation': 'P2 drops the condition that the part-time job must be offered by the university (OfferedBy(y, university))'}, {'category': 'MISTRANSLATION', 'explanation': ""P"
divergent,159,divergent_TRUE,deepseek,True,,,
divergent,159,divergent_FALSE,deepseek,False,MISTRANSLATION,,
divergent,202,divergent_TRUE,deepseek,True,,True,
divergent,202,divergent_FALSE,deepseek,False,FABRICATION,False,"[{'category': 'MISTRANSLATION', 'explanation': ""The FOL conclusion is ∃x (FootballClub(x) ∧ LoanedTo(ailtonSilva, x)), which asserts existence. The Lean theorem 'prove_negation' attempts to prove the "
divergent,75,divergent_TRUE,deepseek,True,,False,"[{'category': 'FABRICATION', 'explanation': ""The Lean formalization introduces completely different predicates (Car, PreventiveMaintenance, QualityParts, LongServiceLife) and entities (lizCar) that do"
divergent,75,divergent_FALSE,deepseek,True,,False,"[{'category': 'FABRICATION', 'explanation': ""The Lean formalization is about cars, preventive maintenance, quality parts, and long life (Car, PM, QP, LL, LizCar), which has no relation to the FOL grou"
divergent,76,divergent_TRUE,deepseek,True,,False,"[{'category': 'FABRICATION', 'explanation': ""The Lean formalization introduces completely different propositions (W=weekend, R=relax, F=finish tasks, C=clear mind, O=organized, T=to-do list) that have"
divergent,76,divergent_FALSE,deepseek,True,,False,"[{'category': 'FABRICATION', 'explanation': 'The Lean formalization introduces completely different predicates (Weekend, Relax, FinishTasks, ClearMind, Organized, ToDoList) that have no correspondence"
divergent,77,divergent_TRUE,deepseek,True,,False,"[{'category': 'MISTRANSLATION', 'explanation': 'Premise 5 drops the second conjunct about spending time catching up with friends in dining hall'}, {'category': 'MISTRANSLATION', 'explanation': 'Premis"
divergent,77,divergent_FALSE,deepseek,True,,False,"[{'category': 'MISTRANSLATION', 'explanation': ""P7 in LEAN is 'Work hannah ∧ (NeedMoney hannah → (¬Picky ∧ ¬NeedMoney))' but FOL GT is '(Work ∧ NeedMoney) → ¬(Picky ∨ NeedMoney)'. The LEAN version inc"
divergent,156,divergent_TRUE,deepseek,False,MISTRANSLATION,False,"[{'category': 'MISTRANSLATION', 'explanation': ""P7 in FOL is a conjunction stating no CS-offered part-time job for James AND James doesn't work in lab. Lean P7 incorrectly translates this as negation "
divergent,156,divergent_FALSE,deepseek,False,MISTRANSLATION,False,"[{'category': 'MISTRANSLATION', 'explanation': ""P7 in FOL states James doesn't have a CS-department-offered job AND doesn't work in lab, but Lean P7 states NOT(works in lab OR has any part-time job), "
divergent,157,divergent_TRUE,deepseek,False,FABRICATION,False,"[{'category': 'MISTRANSLATION', 'explanation': 'Premise 7 in FOL is a conjunction (¬∃x(...) ∧ ¬WorkIn(james, lab)) but Lean renders it as a disjunction (¬WorksInLab James ∨ ¬HasPartTimeJob James)'}, {"
divergent,157,divergent_FALSE,deepseek,True,,False,"[{'category': 'MISTRANSLATION', 'explanation': 'P2 drops the condition that the part-time job must be offered by the university'}, {'category': 'MISTRANSLATION', 'explanation': ""P7 changes from 'no CS"
divergent,6,divergent_TRUE,deepseek,True,,True,
divergent,6,divergent_FALSE,deepseek,True,,False,"[{'category': 'MISTRANSLATION', 'explanation': 'The conclusion is negated: FOL states ∃x (Animal(x)) but Lean states ¬∃x (Animal x), which is the logical opposite'}, {'category': 'MISTRANSLATION', 'ex"
divergent,32,divergent_TRUE,deepseek,True,,,
divergent,32,divergent_FALSE,deepseek,True,,False,"[{'category': 'MISTRANSLATION', 'explanation': 'The FOL conclusion is ¬LiveIn(djokovic, taxHaven) (Djokovic does NOT live in a tax haven), but the Lean theorem proves TaxHaven Djokovic (the positive c"
divergent,75,divergent_TRUE,deepseek,True,,False,"[{'category': 'FABRICATION', 'explanation': ""The Lean formalization introduces completely different predicates (Car, PreventiveMaintenance, QualityParts, LongServiceLife) and entities (lizCar) that do"
divergent,75,divergent_FALSE,deepseek,True,,False,"[{'category': 'FABRICATION', 'explanation': ""The Lean formalization is about cars, preventive maintenance, quality parts, and long life (Car, PM, QP, LL, LizCar), which has no relation to the FOL grou"
divergent,76,divergent_TRUE,deepseek,True,,False,"[{'category': 'FABRICATION', 'explanation': ""The Lean formalization introduces completely different propositions (W=weekend, R=relax, F=finish tasks, C=clear mind, O=organized, T=to-do list) that have"
divergent,76,divergent_FALSE,deepseek,True,,False,"[{'category': 'FABRICATION', 'explanation': 'The Lean formalization introduces completely different predicates (Weekend, Relax, FinishTasks, ClearMind, Organized, ToDoList) that have no correspondence"
divergent,77,divergent_TRUE,deepseek,True,,False,"[{'category': 'MISTRANSLATION', 'explanation': 'Premise 5 drops the second conjunct about spending time catching up with friends in dining hall'}, {'category': 'MISTRANSLATION', 'explanation': 'Premis"
divergent,77,divergent_FALSE,deepseek,True,,False,"[{'category': 'MISTRANSLATION', 'explanation': ""P7 in LEAN is 'Work hannah ∧ (NeedMoney hannah → (¬Picky ∧ ¬NeedMoney))' but FOL GT is '(Work ∧ NeedMoney) → ¬(Picky ∨ NeedMoney)'. The LEAN version inc"
divergent,90,divergent_TRUE,deepseek,True,,False,"[{'category': 'FABRICATION', 'explanation': 'The entire Lean formalization is about sports/crowd dynamics (home_winning, rivalry, emotionally_invested, loud, energized, electric) which has no correspo"
divergent,90,divergent_FALSE,deepseek,True,,False,"[{'category': 'FABRICATION', 'explanation': ""The Lean formalization introduces completely different propositions (W, R, I, L, E) and axioms about 'Home team winning', 'Rivalry game', 'atmosphere elect"
divergent,156,divergent_TRUE,deepseek,True,,False,"[{'category': 'MISTRANSLATION', 'explanation': ""P7 in FOL is '¬∃x(PartTimeJob(x) ∧ Have(james,x) ∧ OfferedBy(x,computerScienceDepartment)) ∧ ¬WorkIn(james,lab)' but Lean translates it as '¬(works_in_l"
divergent,156,divergent_FALSE,deepseek,True,,False,"[{'category': 'MISTRANSLATION', 'explanation': 'The conclusion is inverted: FOL asks to prove James HAS a part-time job offered by the university (∃y), but Lean proves James does NOT have a part-time "
divergent,157,divergent_TRUE,deepseek,False,MISTRANSLATION,False,"[{'category': 'MISTRANSLATION', 'explanation': 'Premise 7 in FOL is a conjunction (¬∃x(...) ∧ ¬WorkIn(james, lab)), but Lean renders it as a disjunction (¬WorksInLab James ∨ ¬HasPartTimeJob James). Th"
divergent,157,divergent_FALSE,deepseek,True,,False,"[{'category': 'MISTRANSLATION', 'explanation': 'P2 drops the condition that the part-time job must be offered by the university'}, {'category': 'MISTRANSLATION', 'explanation': 'P7 incorrectly transla"
divergent,158,divergent_TRUE,deepseek,False,MISTRANSLATION,,
divergent,158,divergent_FALSE,deepseek,True,,False,"[{'category': 'OMISSION', 'explanation': 'P2 drops the condition that the part-time job must be offered by the university (OfferedBy(y, university))'}, {'category': 'MISTRANSLATION', 'explanation': ""P"
divergent,159,divergent_TRUE,deepseek,True,,,
divergent,159,divergent_FALSE,deepseek,True,,,
