case_idx,source,model,primary_category,primary_subtype,explanation,verdict,confidence,reasoning,fol_gt_support
157,divergent_TRUE,gpt-5,MISTRANSLATION,WRONG_CONNECTIVE,"The premise 'James doesn't work in the lab or have a part-time job offered by the university' means James lacks both properties, which should be formalized as a conjunction: ¬ WorksInLab James ∧ ¬ UniPartTime James. The axiom uses disjunction (∨) instead of conjunction (∧).",UNCERTAIN,LOW,"Without FOL GT or natural language premises, I cannot verify the claim. The linguistic argument in the flagged error is plausible - 'doesn't X or Y' typically means conjunction of negations. However, the presence of P6 (WorksInLab James) alongside a premise supposedly saying James doesn't work in the lab suggests either the flagged error misquotes the premise, or there are multiple issues with the formalization.",N/A - No FOL ground truth provided to compare against
157,divergent_TRUE,gpt-5,MISTRANSLATION,WRONG_CONNECTIVE,"The premise 'James doesn't work in the lab or have a part-time job offered by the university' means James does neither activity, which should be formalized as ¬WorkingInLab James ∧ ¬HasUnivPartTimeJob James (conjunction of negations). The axiom uses disjunction (∨) instead of conjunction (∧).",UNCERTAIN,LOW,"Without FOL ground truth (N/A provided), I cannot verify the original natural language premise. The Lean formalization is internally consistent - P6 (WorksInLab James) combined with P7 (disjunction) allows proving the theorem. If the original premise truly stated James does neither activity, then P6 and P7 would be contradictory, suggesting the disjunction interpretation may be correct. However, without the actual premises, I cannot confirm or deny the error.",No FOL GT available (N/A) to support or contradict the error claim
77,divergent_FALSE,gpt-5,FABRICATION,FABRICATED_CONTRADICTION,"The proof exploits a contradiction (NeedsMoney Hannah from R1+TWork, and ¬NeedsMoney Hannah from TSpecial) to prove False, then derives ¬Statement via explosion. However, the conclusion is actually TRUE given the premises: from the contradiction we get ¬Picky Hannah, which makes the Statement true. The proof direction should be TRUE, not FALSE.",UNCERTAIN,LOW,"Without FOL ground truth (both premises and conclusion are N/A), it's impossible to verify whether P7 is correctly formalized or whether the original problem's conclusion should be TRUE or FALSE. The proof correctly derives False from the given axioms - the question is whether those axioms accurately represent the original problem.",No FOL GT available (N/A for both premises and conclusion) - cannot verify the error claim
156,divergent_FALSE,gpt-5,OMISSION,MISSING_AXIOM,"The premise 'James doesn't work in the lab or have a part-time job offered by the university' (¬WorksInLab(James) ∨ ¬PartTimeJob(James)) is not formalized. While the proof still works using other premises to derive the conclusion, this stated premise should be represented.",FALSE_POSITIVE,MEDIUM,"The flagged error claims the premise is 'not formalized', but P7 clearly formalizes 'James doesn't work in the lab or have a part-time job'. The formalization ¬(WorksInLab James ∨ HasPartTimeJob James) is the standard reading of this English sentence. The error incorrectly suggests it should be ¬WorksInLab ∨ ¬HasPartTimeJob, but that's a different logical statement. The premise IS represented in the formalization.","FOL GT is N/A, so cannot definitively confirm, but the Lean axiom P7 does represent the stated premise about James not working in lab or having a part-time job."
158,divergent_TRUE,gpt-5,MISTRANSLATION,WRONG_CONNECTIVE,"The premise 'James doesn't work in the lab or have a part-time job offered by the university' means James doesn't do either activity, which should be formalized as a conjunction: ¬ WorksLab James ∧ ¬ PartTimeUniJob James. The formalization incorrectly uses disjunction (∨) instead of conjunction (∧).",UNCERTAIN,MEDIUM,"Without FOL ground truth, I cannot verify the original premise's intended meaning. The English phrase is genuinely ambiguous. However, the flagged error's suggested correction (conjunction) would create a direct contradiction with P6 (WorksInLab James), which suggests the disjunction formulation may be intentional to maintain consistency. The error claim may be based on a particular reading of the English that doesn't account for the full axiom system.",No FOL GT available (N/A) to verify the correct formalization of this premise
156,divergent_FALSE,gpt-5,MISTRANSLATION,WRONG_SCOPE,"The premise 'James doesn't work in the lab or have a part-time job offered by the university' means James does neither activity: ¬(WorkInLab James ∨ UnivPT James), which is equivalent to ¬WorkInLab James ∧ ¬UnivPT James. The axiom A7 instead encodes ¬WorkInLab James ∨ ¬UnivPT James (disjunction of negations), which is a weaker claim with incorrect negation scope.",FALSE_POSITIVE,HIGH,"The flagged error claims axiom P7 encodes '¬WorkInLab James ∨ ¬UnivPT James' (disjunction of negations), but the actual Lean code shows 'axiom P7 : ¬ (WorksInLab James ∨ HasPartTimeJob James)' which IS the negation of the disjunction - exactly what the error claims should be correct. The error description misread the Lean formalization.","FOL GT is N/A, so cannot provide independent verification. However, the Lean syntax with parentheses clearly shows correct scope."
158,divergent_TRUE,gpt-5,MISTRANSLATION,WRONG_SCOPE,"The premise 'James doesn't work in the lab or have a part-time job' means James has neither property, which should be '¬WorksLab James ∧ ¬PTJob James'. The formalization incorrectly parses this as '¬WorksLab James ∨ PTJob James', mishandling the scope of negation and dropping the negation on PTJob.",UNCERTAIN,LOW,"The flagged error makes a linguistically plausible claim about how 'doesn't X or Y' should be interpreted (as conjunction of negations rather than disjunction of negations). However, with no FOL ground truth available (N/A), there is no authoritative reference to verify the intended formalization. Additionally, if the error claim is correct, P6 and P7 would be contradictory, which may or may not be intentional in the original problem.",No FOL GT available (N/A) - cannot verify the intended formalization
156,divergent_FALSE,deepseek,MISTRANSLATION,WRONG_CONNECTIVE,The premise 'James doesn't work in the lab or have a part-time job offered by the university' means James lacks both (conjunction): ¬worksInLab James ∧ ¬hasPartTimeJob James. The formalization uses disjunction (∨) instead of conjunction (∧).,FALSE_POSITIVE,HIGH,"The flagged error claims ¬(A ∨ B) should be ¬A ∧ ¬B, but these are logically equivalent by De Morgan's Law. The formalization correctly captures the meaning 'James doesn't work in the lab AND doesn't have a part-time job.' The real issue is that P6 and P7 are contradictory (P6 says James works in lab, P7 implies he doesn't), but that's a different error than what was flagged.","FOL GT is N/A, so cannot directly verify. However, the logical equivalence between ¬(A ∨ B) and ¬A ∧ ¬B is a mathematical fact that makes the flagged error invalid."
157,divergent_TRUE,deepseek,FABRICATION,FABRICATED_CONTRADICTION,"A6 states 'worksInLab James' while A7 states '¬(worksInLab James ∨ hasUniPartTimeJob James)' which implies '¬worksInLab James'. These axioms directly contradict each other, creating an inconsistent axiom set that can prove anything via explosion.",FALSE_POSITIVE,HIGH,"The error description misreads P7. P7 states '¬ WorksInLab James ∨ ¬ HasPartTimeJob James' (a disjunction of negations), NOT '¬(WorksInLab James ∨ HasPartTimeJob James)' (negation of a disjunction). These are logically different. P6 and P7 are perfectly consistent - P6 says James works in lab, P7 says James doesn't work in lab OR doesn't have a part-time job. Together they imply James doesn't have a part-time job, which is exactly what the theorem proves.","FOL GT is N/A, but logical analysis confirms the axioms are consistent and the proof is valid."
76,divergent_TRUE,deepseek,OMISSION,MISSING_AXIOM,"Premise 6 states 'Hannah is at Mary's school' but P6 formalizes 'WorksJob Hannah' which is actually part of premise 7. The fact that Hannah is at Mary's school is not represented. | The conclusion states 'Hannah is at Mary's school AND she is not a picky eater AND spends time...' but the theorem only proves 'NotPicky Hannah ∧ SpendsTime Hannah', omitting the 'at Mary's school' conjunct.",REAL_ERROR,HIGH,"The Lean formalization is completely unrelated to the problem. The FOL GT is about mammals/teeth/platypuses/humans, but the Lean code formalizes a completely different problem about weekends, relaxing, and to-do lists. This is a fundamental formalization error - the wrong problem was formalized entirely. The flagged error explanation itself also references unrelated content (Hannah, Mary's school), suggesting multiple data integrity issues.","FOL GT premises involve Mammal(x), Have(x, teeth), platypus, humans - none of which appear in the Lean formalization which instead uses propositions W, R, F, C, O, T about weekends and tasks."
157,divergent_TRUE,deepseek,MISTRANSLATION,WRONG_CONNECTIVE,"The premise 'James doesn't work in the lab or have a part-time job offered by the university' means James does neither activity, which should be formalized as ¬WorksInLab James ∧ ¬HasPartTimeJob James (conjunction). The formalization uses disjunction (∨) instead, which only requires one of the conditions to be false.",UNCERTAIN,LOW,"The FOL ground truth is 'N/A', providing no authoritative reference to verify the claimed error. The flagged error's linguistic analysis is plausible - 'doesn't X or Y' typically means neither X nor Y (conjunction of negations). However, without the actual natural language premise text or FOL GT, I cannot confirm whether the original statement was 'James doesn't work in the lab or have a part-time job' (which would support the error) or something like 'James doesn't work in the lab or James doesn't have a part-time job' (which would make the disjunction correct).",No FOL GT available (N/A) to support or contradict the error claim
158,divergent_TRUE,deepseek,OMISSION,MISSING_AXIOM,"Premise 7 'James doesn't work in the lab or have a part-time job offered by the university' is not formalized. This premise contradicts P6 (WorksInLab James), and the formalization selectively omits it. The comment acknowledges the omission but a stated premise should still be represented.",FALSE_POSITIVE,HIGH,"The flagged error claims Premise 7 is not formalized, but axiom P7 is explicitly present in the Lean code as '¬ WorksInLab James ∨ ¬ HasPartTimeJob James', which correctly formalizes 'James doesn't work in the lab or have a part-time job'. The premise is not missing.","FOL GT is N/A, but the Lean formalization clearly includes P7 as an axiom, directly contradicting the claim that it was omitted."
156,divergent_FALSE,deepseek,MISTRANSLATION,WRONG_CONNECTIVE,"The premise 'James doesn't work in the lab or have a part-time job offered by the university' means ¬WorksInLab(James) ∧ ¬HasPartTimeJob(James) (neither...nor). T2 encodes ¬(WorksInLab(James) ∧ HasPartTimeJob(James)), which is equivalent to ¬WorksInLab(James) ∨ ¬HasPartTimeJob(James) (at least one is false). This changes conjunction to disjunction.",FALSE_POSITIVE,HIGH,"The flagged error incorrectly describes P7. It claims P7 encodes ¬(WorksInLab ∧ HasPartTimeJob), but P7 actually encodes ¬(WorksInLab ∨ HasPartTimeJob). The actual P7 formalization correctly represents 'neither...nor' semantics. However, there is a different real error: P6 (WorksInLab James) contradicts P7 (¬WorksInLab James ∧ ¬HasPartTimeJob James), making the axiom set inconsistent.","FOL GT is N/A, cannot verify against official source. Analysis based on Lean code inspection."
157,divergent_TRUE,deepseek,MISTRANSLATION,WRONG_SCOPE,"The premise 'James doesn't work in the lab or have a part-time job offered by the university' should be formalized as ¬WorksInLab James ∨ ¬HasPartTimeJobOfferedByUni James (negation distributes), but was formalized as ¬(WorksInLab James ∨ HasPartTimeJobOfferedByUni James) (negation over entire disjunction). This wrong scope creates a contradiction with axiom F, enabling a trivial proof.",FALSE_POSITIVE,HIGH,"The flagged error claims P7 was formalized with wrong scope as ¬(A ∨ B), but the actual Lean code shows P7 as ¬A ∨ ¬B, which is exactly the correct form the error claims it should be. The error description does not match the actual Lean formalization. The proof is valid: it case-splits on the disjunction and handles both cases correctly.","FOL GT is N/A, so cannot be used for verification. However, the Lean code itself contradicts the error's claim about what was formalized."
158,divergent_TRUE,deepseek,MISTRANSLATION,WRONG_CONNECTIVE,"The premise 'James doesn't work in the lab or have a part-time job' means James doesn't do either activity, which should be translated as a conjunction: ¬ works_in_lab James ∧ ¬ has_part_time_job James. The formalization incorrectly uses disjunction (∨) instead of conjunction (∧).",UNCERTAIN,LOW,"Without FOL ground truth, I cannot verify the original premise. The flagged error's interpretation (conjunction) would contradict P6 (WorksInLab James), creating an inconsistent axiom set. The current disjunction formalization is at least internally consistent. The natural language phrase is genuinely ambiguous, and the FOL GT would be needed to determine the intended meaning.",N/A - No FOL ground truth provided to verify the original premise formulation
156,divergent_FALSE,deepseek,MISTRANSLATION,WRONG_CONNECTIVE,"The premise 'James doesn't work in the lab or have a part-time job offered by the university' means James neither works in the lab nor has a part-time job, which should be formalized as ¬LabWorker James ∧ ¬PartTimeJob James. The axiom uses disjunction (∨) instead of conjunction (∧).",FALSE_POSITIVE,HIGH,"The flagged error incorrectly claims that disjunction was used instead of conjunction. However, ¬(A ∨ B) is logically equivalent to ¬A ∧ ¬B by De Morgan's Law. The formalization ¬(WorksInLab James ∨ HasPartTimeJob James) correctly represents 'James neither works in the lab nor has a part-time job'. The real issue (contradiction between P6 and P7) is a different error entirely.","FOL GT is N/A, but logical equivalence via De Morgan's Law confirms the formalization is correct for expressing 'neither...nor'"
157,divergent_TRUE,deepseek,MISTRANSLATION,WRONG_CONNECTIVE,"The premise 'James doesn't work in the lab or have a part-time job offered by the university' means James does neither activity, which should be formalized as ¬works_in_lab James ∧ ¬has_part_time_job James (conjunction), not a disjunction.",UNCERTAIN,LOW,"The FOL ground truth is N/A, making it impossible to verify the original natural language premise. However, the flagged error's interpretation seems plausible - 'doesn't X or Y' typically means neither X nor Y (conjunction of negations). But the presence of P6 (WorksInLab James) suggests the original problem may have different premises than what the error description implies, or there's a more complex issue with the formalization.",N/A - No FOL ground truth available to verify the claim
158,divergent_TRUE,deepseek,MISTRANSLATION,WRONG_CONNECTIVE,"The premise 'James doesn't work in the lab or have a part-time job' means ¬(WorksInLab James ∨ HasPartTimeJob James), i.e., James neither works in the lab nor has a part-time job. The formalization uses conjunction (∧) instead of disjunction (∨), changing the meaning from 'neither A nor B' to 'not both A and B'.",UNCERTAIN,LOW,"Without the FOL ground truth or original natural language premises, I cannot verify the intended meaning. The flagged error claims a mistranslation from 'neither A nor B' to 'not A or not B', which are logically different. However, the current formalization (disjunction) is consistent with P6 (WorksInLab James), while the claimed correct form (conjunction of negations) would contradict P6. This could indicate either: (1) the error is real and there's an inconsistency in the original problem, or (2) the formalization is correct and the error flag is wrong.",N/A - No FOL ground truth provided to compare against
156,divergent_FALSE,deepseek,MISTRANSLATION,WRONG_CONNECTIVE,"Premise 7 'James doesn't work in the lab or have a part-time job offered by the university' means James lacks both properties, which should be formalized as ¬LabWorker James ∧ ¬PartTimeJob James (conjunction). T7 uses disjunction (∨) instead of conjunction (∧).",FALSE_POSITIVE,HIGH,"The flagged error claims P7 should use conjunction instead of disjunction, but ¬(A ∨ B) is logically equivalent to ¬A ∧ ¬B by De Morgan's law. The formalization ¬(WorksInLab James ∨ HasPartTimeJob James) correctly represents 'James doesn't work in the lab or have a part-time job'. The real issue is that P6 and P7 are contradictory (P6 says James works in lab, P7 implies he doesn't), but that's a different error than what was flagged.","FOL GT is N/A, but standard logical interpretation supports that the negation of a disjunction is the correct formalization for 'doesn't X or Y'."
157,divergent_TRUE,deepseek,FABRICATION,FABRICATED_CONTRADICTION,"A6 asserts WorksInLab James, while A7 asserts ¬(WorksInLab James ∨ HasPartTimeJob James), which implies ¬WorksInLab James. These axioms directly contradict each other, enabling proof by explosion.",FALSE_POSITIVE,HIGH,"The flagged error misreads P7. The error claims P7 is ¬(WorksInLab James ∨ HasPartTimeJob James), but P7 is actually (¬WorksInLab James ∨ ¬HasPartTimeJob James). These are logically different (De Morgan's law). The actual P7 is a disjunction of negations, which is consistent with P6. The proof correctly uses case analysis on this disjunction, not proof by explosion.","FOL GT is N/A, but the logical analysis of the Lean formalization itself shows the error claim misinterprets the axiom P7."
157,divergent_TRUE,deepseek,MISTRANSLATION,WRONG_CONNECTIVE,"The premise 'James doesn't work in the lab or have a part-time job offered by the university' means James does neither activity, which should be formalized as a conjunction (¬ WorksInLab James ∧ ¬ HasPartTimeJob James), not a disjunction. The disjunction only requires one to be false, while the premise states both are false.",UNCERTAIN,LOW,"Without FOL ground truth (N/A), I cannot definitively verify the original premise. However, the flagged error's suggested correction (conjunction) would directly contradict P6 (WorksInLab James), making the axiom set inconsistent. The current disjunction formalization is internally consistent and allows a valid proof. The error flag may be based on a misreading of the original natural language premise.",FOL GT is N/A - no authoritative reference available to verify the claim
158,divergent_TRUE,deepseek,MISTRANSLATION,WRONG_CONNECTIVE,"The premise 'James doesn't work in the lab or have a part-time job' means James doesn't do either activity, which should be formalized as ¬WorksInLab James ∧ ¬HasPartTimeJob James (conjunction). The formalization uses ∨ (disjunction) instead of ∧ (conjunction).",UNCERTAIN,MEDIUM,"The linguistic analysis supports the flagged error - 'doesn't X or Y' typically means conjunction of negations. However, the FOL GT is N/A, so there's no authoritative reference. Additionally, if the error is real, P6 (WorksInLab James) and the corrected P7 would be contradictory, suggesting the original problem may have had different wording or the disjunction was intentional.",FOL GT is N/A - no ground truth available to verify the correct formalization
